gene_id,expression
b0002,28344.205
b0003,29132.405
b0004,47439.295
b0005,1019.633
b0006,1613.8365
b0007,120.4804
b0008,5729.595
b0009,2502.3865
b0010,259.45985
b0011,118.4269
b0012,8.1394175
b0013,54.016675
b0014,40795.94
b0015,5874.7665
b0017,63.07141
b0018,617.0088
b0019,1154.947
b0020,833.03015
b0021,2001.982
b0023,20821.195
b0024,272.2788
b0025,7487.7275
b0026,17800.875
b0027,22368.365
b0028,11020.53
b0029,9086.486
b0030,1371.1865
b0031,7450.319
b0032,22354.525
b0033,34260.54
b0034,1644.083
b0035,138.12075
b0036,87.415825
b0037,283.22195
b0038,236.52315
b0039,488.38595
b0040,74.32708
b0041,60.04632
b0042,155.2668
b0043,310.0434
b0044,86.095825
b0045,149.0066
b0046,507.9834
b0047,631.4697
b0048,3098.0795
b0049,1230.9595
b0050,1282.474
b0051,7692.606
b0052,11979.715
b0053,12243.76
b0054,5350.897
b0055,1396.9445
b0056,2094.905
b0057,1363.546
b0058,2117.7785
b0059,1280.914
b0060,165.21365
b0061,1327.4265
b0062,8.1394175
b0063,10.916886
b0064,881.452
b0065,388.38005
b0066,182.64265
b0067,982.8479
b0068,1109.7079
b0069,724.003
b0070,223.20415
b0071,15010.57
b0072,21259.5
b0073,37295.31
b0074,19543.255
b0076,89.83562
b0077,3102.8485
b0078,8424.038
b0080,3458.5565
b0081,11316.2
b0082,7832.6325
b0083,4030.219
b0084,711.32025
b0085,4442.223
b0086,5123.3
b0087,1415.4205
b0088,7964.322
b0089,2791.9615
b0090,3910.738
b0091,3982.879
b0092,10005.268
b0093,6845.4845
b0094,11567.6075
b0095,32053.685
b0096,25263.13
b0097,11313.85
b0098,3261.9985
b0099,679.42415
b0101,4789.5865
b0102,3226.338
b0103,2192.543
b0104,15905.3
b0106,83.416675
b0107,254.62435
b0108,19.19308
b0109,3026.5325
b0110,3709.5325
b0111,1755.633
b0112,7470.598
b0113,27831.965
b0114,78022.265
b0115,104659.865
b0116,75344.76
b0117,59.465465
b0118,7783.5515
b0119,2898.956
b0120,16948.585
b0121,34527.775
b0122,1489.864
b0123,6786.4755
b0124,2568.861
b0125,8763.6785
b0126,29846.085
b0127,3562.0765
b0128,811.5785
b0129,408.739
b0130,70.267215
b0131,48564.375
b0132,772.764
b0133,18537.715
b0134,8735.325
b0135,89.955745
b0136,157.448
b0137,423.19535
b0138,164.5309
b0139,348.13285
b0140,8.1394175
b0141,66.52578
b0142,854.47
b0143,10566.367
b0144,625.93395
b0145,14018.715
b0146,8280.938
b0147,1067.23615
b0148,1061.667
b0149,4086.148
b0150,2905.377
b0151,2321.692
b0152,677.47415
b0153,1006.5572
b0154,15626.995
b0155,1695.549
b0156,12252.67
b0157,326.62655
b0158,1796.3355
b0159,10668.7175
b0160,856.50135
b0161,4620.346
b0162,330.60435
b0163,2313.423
b0164,1467.623
b0166,7315.4715
b0167,2976.642
b0168,9253.6815
b0169,107915.2
b0170,68048.48
b0171,14516.61
b0172,20184.115
b0173,1380.098
b0174,6245.6285
b0175,4610.005
b0176,8436.1385
b0177,24604.235
b0178,58163.055
b0179,9327.362
b0180,34566.995
b0181,5952.7325
b0182,2354.053
b0183,2952.358
b0184,5868.744
b0185,6705.3875
b0186,3353.868
b0187,2288.3675
b0188,2290.786
b0189,2994.417
b0190,1757.8505
b0191,3291.6325
b0192,3159.9715
b0193,58.613795
b0194,1144.2744
b0195,4996.8215
b0196,7195.696
b0197,15988.54
b0198,15998.965
b0199,8541.925
b0200,5445.306
b0207,617.9551
b0208,405.70675
b0209,3588.4965
b0210,495.26525
b0211,2066.144
b0212,4578.912
b0213,381.9875
b0214,3853.719
b0215,2518.0065
b0217,125.4019
b0218,21.38971
b0219,4175.8995
b0220,4625.0675
b0221,738.6416
b0222,13554.915
b0223,12590.28
b0224,7144.455
b0225,1088.81635
b0226,14024.35
b0227,89.24455
b0228,635.3381
b0229,17.84761
b0230,33.710115
b0231,1912.4755
b0232,1022.44885
b0233,301.9634
b0234,304.9119
b0235,33.8218
b0236,657.45355
b0237,13731.53
b0238,3656.6365
b0239,2035.1315
b0240,14335.475
b0241,99.926975
b0242,3478.6395
b0243,3040.8675
b0245,32.942855
b0246,74.97773
b0247,97.82499
b0248,1927.894
b0249,77.89057
b0250,521.69575
b0251,892.37625
b0252,201.82475
b0253,406.41015
b0254,130.8902
b0255,3370.967
b0256,3637.9105
b0257,1791.0405
b0258,234.9027
b0260,1142.356
b0261,3033.155
b0262,77.960525
b0263,92.58853
b0265,3379.2555
b0266,1142.46425
b0267,93.964825
b0268,668.0649
b0269,290.89305
b0270,548.63465
b0271,1592.3975
b0272,6488.2875
b0273,21750.24
b0276,178.4366
b0277,140.2314
b0278,392.88395
b0279,33.559435
b0280,7265.5005
b0281,3720.2685
b0282,124.9449
b0283,467.28755
b0284,366.4085
b0285,421.78065
b0286,264.00525
b0287,14459.965
b0288,674.27185
b0289,92.937345
b0290,334.5657
b0291,64.57842
b0292,294.177
b0293,345.14525
b0294,532.73915
b0295,89.015745
b0296,70.29154
b0297,4498.897
b0298,1967.867
b0299,2700.951
b0300,301.0372
b0301,118.5246
b0302,38.723905
b0303,165.1559
b0304,42.78449
b0305,49.32428
b0306,7936.894
b0307,297.01975
b0308,925.3786
b0309,8.1394175
b0310,46.02652
b0311,1561.1205
b0312,5208.2815
b0313,7235.9535
b0314,1496.8725
b0315,199.2813
b0316,194.66955
b0317,228.52675
b0318,126.5213
b0319,136.45915
b0320,160.4982
b0321,155.86885
b0322,2203.4585
b0323,455.41755
b0324,1224.34305
b0325,2146.7145
b0326,22.159655
b0327,68.5666
b0328,182.9997
b0329,13209.23
b0330,2140.606
b0331,69.05962
b0332,100.537475
b0333,50.36853
b0334,123.1371
b0335,288.1902
b0336,11357.28
b0337,35079.095
b0338,980.3376
b0339,90.380805
b0340,300.72805
b0341,459.97975
b0342,90.6293
b0343,195.08675
b0344,27.692995
b0345,2524.225
b0346,783.5808
b0347,148.89505
b0348,111.7688
b0349,57.27066
b0350,1487.329
b0351,1250.47
b0352,1182.60825
b0353,613.84185
b0354,2286.2105
b0355,208.84485
b0356,2274.2865
b0357,10192.606
b0358,139.16515
b0359,452.04765
b0361,3879.6285
b0362,161.52225
b0363,159.57535
b0364,11.712035
b0365,725.2745
b0366,296.31525
b0367,64.10342
b0368,537.80925
b0369,2446.014
b0370,14.035786
b0371,36.781905
b0374,113.8018
b0375,8.210822
b0376,3406.532
b0377,749.8228
b0378,1159.16715
b0379,102.127675
b0380,15987.1
b0381,2265.924
b0382,3308.982
b0383,256.03205
b0384,1499.057
b0385,43.824475
b0386,2459.3725
b0387,3870.1985
b0388,4841.059
b0389,4522.2035
b0390,479.9226
b0391,4558.312
b0392,215.11885
b0393,1024.8789
b0394,1643.5915
b0395,545.38925
b0396,1336.753
b0397,940.9997
b0398,1229.4485
b0399,1033.1618
b0400,380.38845
b0401,3164.528
b0402,180.63875
b0403,618.80225
b0404,1676.1365
b0405,2179.802
b0406,12114.345
b0407,31225.65
b0408,4444.766
b0409,3508.0485
b0410,1567.664
b0411,3787.5265
b0412,120.55208
b0413,7859.512
b0414,4706.675
b0415,10260.179
b0416,7113.8295
b0417,3991.7095
b0418,4181.0065
b0419,5856.622
b0420,10152.7685
b0421,1968.386
b0422,10987.9445
b0423,3048.401
b0424,5517.583
b0425,4630.7375
b0426,13531.32
b0427,492.5731
b0428,24475.675
b0429,37787.725
b0430,83001.4
b0431,103690.865
b0432,57469.065
b0433,578.2625
b0434,21014.915
b0435,9061.1485
b0436,22438.28
b0437,24026.765
b0438,14638.36
b0439,6703.4775
b0440,22250.865
b0441,2818.742
b0442,454.28265
b0443,459.5232
b0444,1306.6385
b0445,187.4096
b0446,332.24075
b0447,878.322
b0448,144.52095
b0449,176.7617
b0450,1630.914
b0451,1799.934
b0452,4790.357
b0453,5230.668
b0454,517.8816
b0456,166.6333
b0457,10971.594
b0458,3593.6235
b0459,816.4021
b0460,5346.286
b0461,5891.1445
b0462,7517.8335
b0463,14057.84
b0464,929.26865
b0465,1297.2385
b0466,2544.5245
b0467,3259.68
b0468,1523.679
b0469,11833.066
b0470,21809.025
b0471,21812.825
b0472,43817.7
b0473,5246.7175
b0474,28245.26
b0475,101.22265
b0476,61.84447
b0477,1492.9655
b0478,2100.037
b0479,472.86005
b0480,1892.721
b0481,1864.3895
b0482,648.6443
b0483,3238.691
b0484,7603.858
b0485,2652.4255
b0486,827.27835
b0487,5922.0755
b0488,2052.5485
b0489,2464.7965
b0490,2456.327
b0491,198.3946
b0492,7571.6165
b0493,2680.625
b0494,3711.595
b0495,420.4509
b0496,1158.1894
b0497,503.1971
b0498,12090.715
b0499,72.209675
b0500,235.23585
b0501,1332.762
b0502,462.0569
b0503,395.25295
b0504,51.286635
b0505,377.4404
b0506,2691.934
b0507,775.4755
b0508,72.65237
b0509,78.403005
b0510,25.66507
b0511,80.72532
b0512,255.326
b0513,55.21478
b0514,800.741
b0515,2806.7895
b0516,1736.642
b0517,2245.3605
b0518,146.5399
b0519,365.2434
b0520,101.449635
b0521,131.57895
b0522,6293.873
b0523,14082.76
b0524,2443.6135
b0525,21988.335
b0526,4858.7925
b0527,79.424945
b0528,2336.3665
b0529,8651.0305
b0530,173.66655
b0531,8.1394175
b0532,690.76525
b0533,33.09355
b0534,41.148466
b0535,8.1394175
b0537,571.38625
b0538,64.00842
b0539,4312.2645
b0543,823.28435
b0544,353.1695
b0545,127.6704
b0546,13209.04
b0547,22.96769
b0548,25.41347
b0549,4586.099
b0550,28.511785
b0551,6359.879
b0553,41875.84
b0554,134.4322
b0555,132.7576
b0556,336.24165
b0556,836.20515
b0557,4405.6335
b0558,20.22068
b0559,759.70875
b0560,105.2291
b0561,12.8456485
b0562,51.645455
b0563,79.974625
b0564,751.15975
b0565,99895.545
b0566,64.570695
b0567,179.6413
b0568,489.79345
b0569,310.5011
b0570,1202.794
b0571,11671.58
b0572,3823.754
b0573,41859.905
b0574,19884.205
b0575,2045.3635
b0576,561.48745
b0577,761.3705
b0578,7609.5855
b0579,1678.378
b0580,1161.5605
b0581,299.81135
b0583,194.8476
b0584,3392.375
b0585,403.6392
b0586,1166.068
b0587,17.915055
b0588,714.75915
b0589,1006.7075
b0590,432.6777
b0591,785.9632
b0592,1668.811
b0593,7966.1625
b0594,2227.9805
b0595,3152.416
b0596,1396.856
b0597,3174.8225
b0598,8911.5405
b0599,2216.923
b0600,5017.8655
b0601,141.7439
b0602,556.88965
b0603,62.90785
b0604,2369.1965
b0605,112394.435
b0606,4905.4095
b0607,1748.9635
b0608,402.6241
b0609,403.09675
b0610,3636.0125
b0611,3748.961
b0612,65.58226
b0613,57.15309
b0614,292.022
b0615,131.63415
b0616,75.25182
b0617,54.88977
b0618,8.1394175
b0619,797.27505
b0620,1293.3005
b0621,9.982887
b0622,34.086065
b0623,51010.065
b0624,883.98235
b0625,749.39595
b0626,1068.7505
b0627,5392.141
b0628,26186.195
b0629,218.63365
b0630,6039.4195
b0631,1146.486
b0632,12229.3525
b0633,6202.896
b0634,1381.0145
b0635,875.7924
b0636,9593.27
b0637,16559.48
b0638,451.13935
b0639,2265.7745
b0640,2286.4155
b0641,14496.885
b0642,11951.8485
b0643,8874.1975
b0644,76.910175
b0645,24.521735
b0646,3602.401
b0647,115.991
b0648,59.878035
b0649,96.758405
b0650,139.78575
b0651,4524.9505
b0652,1245.841
b0653,1324.8905
b0654,1855.3405
b0655,16869.35
b0657,1557.869
b0658,6695.338
b0659,11709.592
b0660,12724.19
b0661,7171.1265
b0662,4869.3735
b0663,65.060345
b0671,226.1113
b0674,5971.7615
b0675,2856.067
b0676,2149.012
b0677,2165.9075
b0678,1104.7196
b0679,1491.271
b0680,4922.6745
b0681,39.845165
b0682,1816.7695
b0683,9789.898
b0684,15787.02
b0685,2469.9715
b0686,1251.828
b0687,5772.681
b0688,5293.6905
b0689,162.2943
b0690,285.391
b0691,169.828945
b0692,165.07605
b0693,83.474105
b0694,953.93235
b0695,2145.3125
b0696,46.40225
b0697,359.015265
b0698,394.6969
b0699,1022.1185
b0700,98.996605
b0701,871.7387
b0702,146.56855
b0703,2120.41215
b0704,261.5911
b0705,1616.9563
b0706,1767.10455
b0707,1481.014
b0708,1012.87425
b0709,152.5521
b0710,18143.89
b0711,12575.295
b0712,8119.603
b0713,4837.7615
b0714,972.5812
b0715,99.305165
b0716,48.909335
b0717,32.998645
b0718,202.6142
b0719,2479.1535
b0720,25301.79
b0721,75564.105
b0722,50660.87
b0723,33181.135
b0724,23828.95
b0725,4993.2005
b0726,38369.6
b0727,49868.235
b0728,58850.465
b0729,43039.595
b0730,398.68975
b0731,13.4649165
b0732,1072.04275
b0733,20524.755
b0734,12809.405
b0735,7224.601
b0736,5250.0735
b0737,4040.1085
b0738,3593.482
b0739,5342.751
b0740,54083.415
b0741,57358.865
b0742,32736.825
b0750,4192.8425
b0751,2424.725
b0752,1890.2835
b0753,669.8442
b0754,35920.27
b0755,14942.685
b0756,8682.359
b0757,8996.259
b0758,2390.3915
b0759,2933.221
b0760,597.04185
b0761,4068.855
b0762,3698.1345
b0763,1159.90085
b0764,504.20105
b0765,1047.38135
b0766,4720.2355
b0767,7763.8395
b0768,216.5074
b0769,19.540425
b0770,570.48425
b0771,336.1287
b0772,4518.201
b0773,2674.364
b0774,6352.7295
b0775,5126.7535
b0776,1941.101
b0777,7581.843
b0778,2718.053
b0779,4521.173
b0780,1318.5565
b0781,5769.854
b0782,9775.5215
b0783,13661.835
b0784,22973.455
b0785,12657.88
b0786,8825.6815
b0787,250.7425
b0788,3206.082
b0789,812.1932
b0790,1378.715
b0791,443.845
b0792,184.4928
b0793,1619.9695
b0794,912.21355
b0795,2185.136
b0796,929.66315
b0797,1258.466
b0798,398.52435
b0799,1362.366
b0800,9185.564
b0801,17751.1
b0802,3678.0655
b0803,929.12925
b0804,498.97735
b0805,2927.2935
b0806,428.22045
b0807,1129.09885
b0808,2320.9075
b0809,13878.8
b0810,6664.477
b0811,23971.535
b0812,16982.075
b0813,116.37156
b0814,52708.43
b0815,142.00625
b0816,84.1107
b0817,3167.143
b0818,1189.10315
b0819,8801.5395
b0820,1866.9795
b0821,974.92455
b0822,1822.0875
b0823,133.3551
b0824,74.057235
b0825,580.7182
b0826,919.3134
b0827,3286.011
b0828,13366.37
b0829,7955.355
b0830,5914.8645
b0831,2524.959
b0832,1475.6325
b0833,1009.36775
b0834,234.9493
b0835,3691.5645
b0836,135.42065
b0837,633.1325
b0838,5531.026
b0839,2706.427
b0840,2018.508
b0841,6415.2875
b0842,275.57345
b0843,532.36535
b0844,1326.6225
b0845,668.7665
b0846,232.3745
b0847,799.62295
b0848,485.9857
b0849,2891.852
b0850,12582.875
b0851,3335.977
b0852,1832.0485
b0853,7412.179
b0854,4652.9135
b0855,2020.147
b0856,766.455
b0857,859.37555
b0858,787.9357
b0859,320.9734
b0860,4848.774
b0861,1559.533
b0862,2666.8755
b0863,9565.176
b0864,14880.835
b0865,11275.5955
b0866,1730.2835
b0867,3287.5435
b0868,741.95495
b0869,1083.61385
b0870,3448.3125
b0871,3039.895
b0872,2940.167
b0873,53.670925
b0874,635.41995
b0875,123.33005
b0876,474.3777
b0877,8776.302
b0878,3925.5555
b0879,1253.781
b0880,22132.51
b0881,5365.0655
b0882,11415.58
b0884,4938.7265
b0885,886.20175
b0886,1533.614
b0887,1552.5705
b0888,4655.244
b0889,9876.5475
b0890,4437.96
b0891,2823.431
b0892,5900.106
b0893,9366.5085
b0894,163.79045
b0895,136.63985
b0896,82.77272
b0897,2275.658
b0898,600.55135
b0899,57.639635
b0900,185.296595
b0901,678.4046
b0902,2193.8735
b0903,16727.95
b0904,6319.293
b0905,2122.226
b0906,1057.33875
b0907,19676.9
b0908,13259.04
b0909,362.31315
b0910,30023.105
b0911,79889.105
b0912,15406.03
b0913,64.43708
b0914,1287.8575
b0915,669.29895
b0916,191.67975
b0917,3181.352
b0918,4784.17
b0919,176.40665
b0920,780.9455
b0921,7842.3945
b0922,3184.6325
b0923,5768.8065
b0924,3960.0035
b0925,1760.2515
b0926,25907.065
b0927,4794.7875
b0928,26528.43
b0929,157452.5
b0930,4969.9385
b0931,2481.4345
b0932,6980.323
b0933,173.6399
b0934,491.96615
b0935,134.9172
b0936,152.81005
b0937,225.84575
b0938,1183.49275
b0939,113.0892
b0940,285.3122
b0941,271.46645
b0942,250.8466
b0943,435.2075
b0944,8769.3945
b0945,24813.06
b0946,3089.4645
b0947,1177.3285
b0948,1738.217
b0949,2324.392
b0950,372.8418
b0951,5343.3795
b0952,957.7929
b0953,43854.025
b0954,14310.82
b0955,1488.5385
b0956,450.02435
b0957,152356.0
b0958,2808.932
b0959,100.074925
b0960,578.1686
b0961,979.21475
b0962,446.55845
b0963,8672.654
b0964,258.8485
b0965,4921.9775
b0966,8030.393
b0967,2671.931
b0968,51751.97
b0969,2513.4845
b0970,34412.075
b0972,194.9889
b0973,79.48347
b0974,59.23196
b0975,177.247
b0976,175.52355
b0977,111.2593
b0978,661.764
b0979,364.35465
b0980,1135.1705
b0981,324.2775
b0982,699.7715
b0983,299.4748
b0984,15920.559
b0985,107.43622
b0986,63.75145
b0987,19862.977
b0988,1690.315
b0989,87.927625
b0990,158.27395
b0991,1093.70665
b0992,172.6489
b0993,8218.8565
b0994,77.80857
b0995,721.3792
b0996,51.609525
b0997,152.3366
b0998,65.466315
b0999,4280.515
b1000,2812.504
b1001,44.23666
b1002,2276.0155
b1003,5715.0015
b1004,8933.2775
b1005,308.9844
b1006,232.09245
b1007,403.1637
b1008,191.4023
b1009,105.304475
b1010,268.41375
b1011,3065.235
b1012,76.96379
b1013,511.4546
b1014,1956.3765
b1015,1766.14
b1017,1803.4535
b1018,5960.654
b1019,1874.3915
b1020,4793.9365
b1021,371.0635
b1022,146.293
b1023,31.072175
b1024,499.3148
b1025,332.7094
b1028,16.588575
b1029,44.24377
b1030,101.610105
b1031,85.167935
b1033,6296.77
b1034,4291.5355
b1035,7917.547
b1036,1145.40195
b1037,2231.628
b1038,3328.9025
b1039,1793.8285
b1040,1378.8495
b1041,174.6853
b1042,407.9853
b1043,172.5045
b1044,265.2932
b1045,3680.425
b1046,196.31395
b1047,723.9474
b1048,8320.8015
b1049,2109.38
b1050,162.1272
b1051,34278.69
b1053,69.823745
b1054,2612.736
b1055,6292.45
b1056,2195.307
b1057,664.29665
b1059,3912.8775
b1060,1371.856
b1061,6352.85
b1062,12236.69
b1063,2296.79
b1064,8227.775
b1065,2875.8885
b1066,3988.693
b1067,1549.716
b1068,6122.407
b1069,751.67005
b1070,387.00095
b1071,1215.545
b1072,1621.989
b1073,3737.6205
b1074,5173.313
b1075,2782.587
b1076,2653.381
b1077,3970.9875
b1078,2522.453
b1079,181.498
b1080,556.07535
b1081,356.79965
b1082,830.8402
b1083,457.3459
b1084,7626.4245
b1085,1783.5695
b1086,9343.438
b1087,1315.617
b1088,59288.08
b1089,96925.445
b1090,4416.7755
b1091,19851.585
b1092,28833.09
b1093,30999.85
b1094,99668.975
b1095,3938.083
b1096,856.6816
b1097,1008.752
b1098,4396.989
b1099,2681.552
b1100,651.5269
b1101,2386.595
b1102,268.43145
b1103,14748.6
b1104,8179.84
b1105,20186.015
b1106,8849.5085
b1107,5040.9965
b1108,18381.49
b1109,7028.4255
b1110,172.85005
b1111,1271.8025
b1112,1153.7113
b1113,1830.7825
b1114,813.6862
b1115,38.10795
b1116,4197.659
b1117,5532.8615
b1118,2112.702
b1119,5148.787
b1120,4780.1165
b1121,17.115196
b1122,237.63515
b1123,4183.5905
b1124,5386.936
b1125,2875.9385
b1126,8777.73
b1127,1162.455
b1128,1883.5835
b1129,2079.8085
b1130,10349.7065
b1131,15360.275
b1132,23355.93
b1133,17100.815
b1134,1994.4225
b1135,1592.757
b1136,61848.375
b1137,137.8871
b1138,624.67235
b1139,1288.729
b1140,324.27525
b1141,2582.5935
b1142,17.452495
b1143,2316.087
b1144,223.05825
b1145,630.6688
b1146,46.21529
b1147,56.13257
b1148,1341.215
b1149,99.68132
b1150,1947.1485
b1151,772.07695
b1152,56.952745
b1153,49.49244
b1154,195.07195
b1155,542.90535
b1156,363.8395
b1157,121.454355
b1158,54.965115
b1159,48.64867
b1160,20.07179
b1161,146.0459
b1162,2762.678
b1163,475.8145
b1164,8388.0705
b1165,1571.0385
b1166,1117.88465
b1167,307.91545
b1168,32.71743
b1169,222.9898
b1170,709.90595
b1171,642.6512
b1172,5538.458
b1173,616.1495
b1174,19164.41
b1175,4642.2905
b1176,9826.083
b1177,5659.2695
b1178,3408.5085
b1179,10388.328
b1180,4340.074
b1181,847.0743
b1182,317.68205
b1183,816.63235
b1184,609.83605
b1185,595.28765
b1186,2656.2295
b1187,5242.1625
b1188,2883.1695
b1189,8778.632
b1190,2894.2175
b1191,30384.96
b1192,1109.1882
b1193,13606.595
b1194,507.63775
b1195,430.87395
b1196,35.070735
b1197,2931.579
b1198,1553.148
b1199,1055.60115
b1200,6711.39
b1201,303.52
b1202,124.49165
b1203,2117.484
b1204,6655.5935
b1205,1814.3475
b1206,1085.7045
b1207,27069.305
b1208,4286.8005
b1209,6319.383
b1210,1157.9935
b1211,1182.851
b1212,1111.668
b1213,1669.02
b1214,12914.865
b1215,17769.96
b1216,6382.4825
b1217,2056.873
b1218,1374.2565
b1219,1989.722
b1220,632.2372
b1221,3262.99
b1222,6653.67
b1223,798.74435
b1224,1008.88275
b1225,403.6574
b1226,620.88705
b1227,122.56418
b1228,102.99535
b1232,17668.22
b1233,6986.146
b1234,4257.4385
b1235,1532.613
b1236,10516.177
b1237,13451.015
b1238,1339.2235
b1239,24.27257
b1240,1131.78555
b1241,4436.9475
b1242,70.30178
b1243,68011.335
b1244,10271.2455
b1245,5301.7245
b1246,12550.875
b1247,4247.164
b1248,4821.1925
b1249,2212.6665
b1250,2162.805
b1251,1853.5495
b1252,8709.2995
b1253,5535.2675
b1254,6647.6155
b1255,6621.2615
b1256,576.45455
b1257,387.4822
b1258,1301.97635
b1259,864.6711
b1260,8436.6785
b1261,28475.61
b1262,33979.315
b1263,7843.346
b1264,16345.72
b1266,2121.0765
b1267,2378.5085
b1268,58.167485
b1269,5353.9495
b1270,1046.7296
b1271,5451.6145
b1272,2222.956
b1273,3261.609
b1274,3342.432
b1275,3181.6915
b1276,3705.4195
b1277,3230.266
b1278,770.18585
b1279,6149.8745
b1280,6881.8875
b1281,4753.4535
b1282,8730.6795
b1283,2242.547
b1284,8925.601
b1285,1388.242
b1286,13837.82
b1287,20261.13
b1288,32805.335
b1289,1269.67635
b1290,367.66125
b1291,1120.5125
b1292,453.55125
b1293,888.98885
b1294,3642.933
b1295,1759.034
b1296,832.41485
b1297,3190.6805
b1298,2113.106
b1299,4921.5505
b1300,1812.0375
b1301,600.6845
b1302,1995.4385
b1303,843.2379
b1304,2033.8855
b1305,1041.08545
b1306,1348.5065
b1307,1845.4565
b1308,2359.0995
b1309,42.16027
b1310,593.72395
b1311,31.18469
b1312,15.258995
b1313,754.86695
b1314,99.00886
b1315,279.42915
b1316,79.16485
b1317,41.3405
b1318,175.9887
b1319,23.628691
b1320,416.0883
b1321,2061.8865
b1322,796.84855
b1323,5129.6335
b1324,33849.44
b1325,2680.6975
b1326,1013.90215
b1327,350.44935
b1328,391.69
b1329,205.184
b1330,925.45195
b1332,2886.298
b1333,5256.145
b1334,24650.61
b1335,739.1516
b1336,15.0460915
b1337,88.14329
b1338,179.4364
b1339,552.3768
b1340,1613.7265
b1341,1118.8
b1342,1345.3835
b1343,1200.343
b1344,4901.5345
b1345,943.99185
b1346,91.105685
b1347,243.5609
b1348,378.70445
b1349,325.2794
b1350,2755.9985
b1351,24.044665
b1352,9.9715765
b1353,135.9096
b1354,26.593045
b1355,100.926995
b1356,954.95105
b1357,320.5798
b1358,295.4106
b1359,71.746955
b1360,4413.7065
b1361,549.04845
b1362,169.90295
b1363,127.9189
b1364,3734.2865
b1365,1424.443
b1366,80.01686
b1367,26.498295
b1368,49.01434
b1369,245.24115
b1370,33625.835
b1371,394.13965
b1372,45.944375
b1373,351.2089
b1374,159.3341
b1375,1551.882
b1376,4983.561
b1377,10.237072
b1378,2002.873
b1379,1910.2175
b1380,7091.0295
b1381,697.3049
b1382,981.84295
b1383,1084.456
b1384,178.66765
b1385,421.47375
b1386,66.544305
b1387,9.670062
b1388,133.31565
b1389,162.68645
b1390,167.4401
b1391,313.0775
b1392,209.9723
b1393,1066.48325
b1394,156.9388
b1395,202.9879
b1396,119.4989
b1397,671.5787
b1398,173.7023
b1399,339.2434
b1400,546.3254
b1401,334.41165
b1405,742.269
b1406,352.58275
b1407,132.0708
b1408,8.1394175
b1409,638.6657
b1410,711.18935
b1411,335.00095
b1412,10360.8845
b1413,497.7412
b1414,2291.124
b1415,6291.913
b1416,3927.3035
b1417,6479.1815
b1418,6222.6245
b1419,770.7084
b1420,5151.415
b1421,290.323
b1422,2019.549
b1423,144.1916
b1424,823.38455
b1425,82.42496
b1426,304.24835
b1427,1125.3825
b1428,3390.3915
b1429,2250.552
b1430,5132.201
b1431,616.4683
b1432,4027.768
b1433,121.86135
b1434,1245.3492
b1435,4194.186
b1436,212.4422
b1437,13.775774
b1438,1213.4375
b1439,301.3455
b1440,327.69915
b1441,297.3487
b1442,550.3997
b1443,603.09995
b1444,2053.2785
b1445,853.7018
b1446,5290.87
b1447,692.1468
b1448,5078.248
b1449,2009.9565
b1450,740.121
b1451,851.33635
b1452,7618.0235
b1453,300.55535
b1454,163.6336
b1455,35.55201
b1456,267.901
b1457,256.59605
b1458,1152.8275
b1459,400.0159
b1460,63.476835
b1461,2963.0465
b1462,66.2078
b1463,521.43295
b1464,1905.988
b1465,204.4574
b1466,616.08555
b1467,253.29375
b1468,499.9478
b1469,69.271625
b1470,85.14787
b1471,127.68475
b1472,32.290495
b1473,468.58935
b1474,142.94805
b1475,91.959085
b1476,69.47214
b1477,1251.89105
b1478,4458.793
b1479,7619.6855
b1481,315.89765
b1482,7398.4845
b1483,106.380325
b1484,193.3767
b1485,169.577
b1486,257.4959
b1487,512.47515
b1488,582.88605
b1489,283.96295
b1490,2444.8735
b1491,1564.3685
b1492,2144.617
b1493,3433.511
b1494,63.07908
b1495,277.78435
b1496,977.18385
b1497,41.16769
b1498,251.80455
b1499,165.7991
b1500,19.679855
b1501,247.48195
b1502,67.846015
b1503,86.954635
b1504,8.437722
b1505,251.4734
b1506,34.32844
b1507,589.6219
b1508,468.4542
b1509,1545.00705
b1510,1069.69035
b1511,929.88685
b1512,285.3724
b1513,319.10475
b1514,52.40431
b1515,136.8981
b1516,575.39615
b1517,650.3861
b1518,476.06345
b1519,2832.5645
b1520,373.36065
b1521,33.71404
b1522,66.830525
b1523,780.0322
b1524,2265.4315
b1525,1739.109
b1526,2478.0765
b1527,124.12025
b1528,1189.3475
b1529,102.67543
b1530,6769.796
b1531,3539.228
b1532,812.9192
b1533,2981.106
b1534,829.54025
b1535,225.0664
b1536,2039.6325
b1537,308.33705
b1538,4054.809
b1539,7719.6325
b1540,2201.6065
b1541,899.24005
b1542,88.681285
b1543,67.182685
b1547,63.62658
b1549,9.7737615
b1550,346.1636
b1551,10.7849645
b1552,88.19614
b1553,56.0473
b1554,233.6253
b1555,122.6867
b1556,32.891765
b1557,530.1246
b1558,214.28975
b1559,737.46735
b1560,64.484485
b1561,1354.665
b1562,4832.077
b1563,1980.685
b1564,5348.588
b1565,38.101355
b1566,138.1812
b1567,1461.18
b1568,1049.9154
b1569,78.76552
b1570,3405.0475
b1571,1643.852
b1572,127.7938
b1573,298.7421
b1575,39.177215
b1576,37.38018
b1577,120.11885
b1579,98.73341
b1580,150.90895
b1581,1288.226
b1582,328.27105
b1583,28192.745
b1584,4956.935
b1585,386.0253
b1586,3050.53
b1587,710.08869
b1588,359.3554
b1589,576.51145
b1590,406.87085
b1591,1784.402
b1592,176.50295
b1593,251.6664
b1594,597.77595
b1595,18964.33
b1596,1835.0405
b1597,3089.79
b1598,442.0867
b1599,140.53645
b1600,2536.4825
b1601,222.22855
b1602,11401.86
b1603,19464.68
b1604,6664.3135
b1605,961.2429
b1606,971.00095
b1607,1230.0785
b1608,2580.008
b1609,1066.43825
b1610,5261.3435
b1611,3090.336
b1612,4652.8685
b1613,6967.109
b1614,3620.3685
b1615,93.481475
b1616,11.6742715
b1617,694.3175
b1618,1008.05185
b1619,4098.379
b1620,325.74605
b1621,1918.5425
b1622,565.1543
b1623,1770.9145
b1624,4117.5625
b1625,575.9319
b1626,961.03245
b1627,3167.7675
b1628,901.40205
b1629,2085.8305
b1630,2148.86
b1631,2500.4035
b1632,3136.426
b1633,155.3953
b1634,214.8397
b1635,7299.424
b1636,4047.9315
b1637,5669.6835
b1638,14700.45
b1639,360.31175
b1640,1597.722
b1641,44083.84
b1642,8208.7635
b1643,219.625
b1644,84.91582
b1645,77.929545
b1646,3728.301
b1647,4987.495
b1648,933.2309
b1649,1205.5313
b1650,3625.6385
b1651,7248.496
b1652,1093.9363
b1653,2247.0435
b1654,34754.805
b1655,1861.235
b1656,9727.599
b1657,511.8191
b1658,6565.2905
b1659,505.3503
b1660,207.3418
b1661,23078.925
b1662,1567.643
b1663,2413.2265
b1664,5235.106
b1667,5166.735
b1668,1179.07
b1669,79.01514
b1670,202.2979
b1671,214.2787
b1672,76.962665
b1673,55.258165
b1674,153.37755
b1675,168.92585
b1676,15339.185
b1677,141308.7
b1678,3526.795
b1679,1217.93035
b1680,4634.8025
b1681,4916.25
b1682,6112.858
b1683,6498.754
b1684,1656.725
b1685,1241.37145
b1686,4602.6865
b1687,12021.619
b1688,699.2017
b1689,22.468695
b1690,26.387895
b1691,19.8159215
b1692,112.22779
b1693,5816.373
b1694,73.71464
b1695,150.3732
b1696,177.4609
b1697,207.15535
b1698,96.9857
b1699,171.7531
b1700,312.78965
b1701,794.53925
b1702,27921.405
b1703,2544.8
b1704,8422.342
b1705,251.1336
b1706,7762.0375
b1707,1106.05085
b1708,3949.6425
b1709,2831.9435
b1710,7345.282
b1711,675.07425
b1712,26606.83
b1713,18064.32
b1714,53287.5
b1716,42538.745
b1717,80047.57
b1718,58074.145
b1719,37687.085
b1720,52.26427
b1721,11.48933
b1722,453.2416
b1723,8261.027
b1724,4398.1115
b1725,1275.4305
b1726,751.45545
b1727,4172.7165
b1728,25.247825
b1729,13231.0005
b1730,30.81428
b1731,2679.7155
b1732,3921.505
b1733,1004.53
b1734,328.0123
b1735,252.1405
b1736,802.103
b1737,228.10995
b1738,544.19805
b1739,4220.896
b1740,14796.025
b1741,195.3187
b1742,129.7807
b1743,376.66975
b1744,71.983165
b1745,445.7415
b1746,233.7929
b1747,678.109
b1748,285.90465
b1749,2869.2285
b1750,62.845625
b1751,150.38585
b1752,594.02725
b1753,610.25
b1754,1109.5288
b1755,374.10465
b1756,259.2373
b1757,1947.6715
b1758,601.707
b1759,799.51385
b1760,315.76775
b1761,40314.52
b1762,145.0657
b1763,2585.5335
b1764,6563.73
b1765,20816.235
b1766,788.02505
b1767,6663.2815
b1768,2091.209
b1769,186.416475
b1770,317.2651
b1771,253.90405
b1772,181.46985
b1773,102.483015
b1774,103.98247
b1775,114.086285
b1776,105.036875
b1777,8031.233
b1778,21316.66
b1779,69003.795
b1780,4498.1735
b1781,516.1364
b1782,28728.725
b1783,7410.1615
b1784,620.28175
b1785,196.75215
b1786,544.63035
b1787,3413.1315
b1788,17.125885
b1789,774.9715
b1790,4404.876
b1791,168.62635
b1792,2768.8555
b1793,1080.1545
b1794,1410.7865
b1795,20414.43
b1796,20.956305
b1797,36.440435
b1798,164.19785
b1799,688.79725
b1800,456.2064
b1801,9.1558745
b1802,108.6841
b1803,571.5772
b1804,635.1768
b1805,490.19295
b1806,1139.40225
b1807,2688.584
b1808,566.8604
b1809,9964.8605
b1810,2245.327
b1811,2770.3805
b1812,898.24505
b1813,2554.3755
b1814,1087.72775
b1815,165.21925
b1816,317.95325
b1817,13559.05
b1818,9329.879
b1819,11193.15
b1820,423.68815
b1821,427.95285
b1822,348.36285
b1823,159024.95
b1825,976.2169
b1827,3813.6235
b1828,139.3088
b1829,9949.9685
b1830,5178.523
b1832,3724.57
b1833,549.53215
b1834,673.987
b1835,671.7216
b1836,4239.5425
b1837,2238.9465
b1838,75.9634
b1839,3463.0075
b1840,5053.8485
b1841,8429.825
b1842,1606.536
b1843,1983.264
b1844,1011.62495
b1845,439.3199
b1846,1541.8095
b1847,6069.045
b1848,2543.293
b1849,9214.1125
b1850,31594.425
b1851,33905.035
b1852,6450.854
b1853,4396.933
b1854,11313.027
b1855,4738.7935
b1856,662.61075
b1857,5163.772
b1858,962.82475
b1859,712.34985
b1860,2225.5895
b1861,1229.2185
b1862,74.46687
b1863,4764.3375
b1864,19946.385
b1865,6688.583
b1866,14098.11
b1867,1709.0305
b1868,203.6723
b1869,1833.34
b1870,3684.9495
b1871,1416.4895
b1872,372.73475
b1873,161.26295
b1874,744.99215
b1875,1161.838
b1876,8266.741
b1877,83.797435
b1878,39.493475
b1879,254.84905
b1880,146.45035
b1881,1061.53575
b1882,156.6998
b1883,39.414715
b1884,48.28923
b1885,60.664065
b1886,274.46905
b1887,653.97645
b1888,288.4522
b1889,111.25824
b1890,45.59496
b1891,735.71115
b1892,1248.405
b1895,363.43035
b1896,3454.3325
b1897,10736.235
b1898,322.68995
b1899,194.03935
b1900,191.66345
b1901,143.06505
b1902,706.61035
b1903,264.43855
b1904,148.06605
b1905,4015.0275
b1906,29.207165
b1907,925.65655
b1908,4785.82
b1912,1284.89
b1913,1805.8395
b1914,2826.751
b1915,377.4595
b1916,3252.214
b1917,3420.416
b1918,3103.909
b1919,12954.06
b1920,47862.775
b1921,886.07575
b1922,1291.391
b1923,1640.752
b1924,505.11635
b1925,145.5244
b1926,1044.9495
b1927,3539.3165
b1928,5788.7685
b1929,6011.409
b1930,10134.167
b1931,210.8648
b1932,434.49655
b1933,179.8005
b1934,12.0911225
b1935,26.347775
b1936,30.74306
b1937,376.12215
b1938,254.8112
b1939,710.10355
b1940,392.86515
b1941,13820.135
b1942,334.16005
b1943,398.6242
b1944,1556.3795
b1945,1393.8165
b1946,1114.3115
b1947,261.6424
b1948,81.16218
b1949,139.3155
b1950,10.018421
b1951,616.63745
b1952,1808.029
b1953,1146.397
b1955,1618.5075
b1956,176.9675
b1957,14365.035
b1958,1943.95
b1959,137.06835
b1960,1322.4815
b1961,4096.25
b1962,2605.546
b1963,589.4355
b1964,177.0026
b1965,189.87925
b1966,171.00385
b1967,11030.3285
b1968,285.48515
b1969,1789.9905
b1970,689.22085
b1971,573.994
b1972,234.92125
b1973,175.40165
b1974,166.09265
b1976,2083.9295
b1978,113.345885
b1979,47.15814
b1980,19.91529
b1981,1056.36595
b1982,6449.2665
b1983,6212.673
b1985,152.4497
b1987,5622.145
b1988,941.48835
b1990,809.88335
b1991,3843.6445
b1992,2538.353
b1993,1587.7375
b1994,27877.635
b1995,117.9151
b1997,7583.9915
b1998,413.3948
b1999,432.30125
b2000,8050.7255
b2001,932.04885
b2002,31.90688
b2003,76.11809
b2004,27.99349
b2005,29.81848
b2006,69.98924
b2007,38746.115
b2008,3790.9835
b2009,3318.8005
b2010,649.0131
b2011,1250.251
b2012,28114.03
b2013,3417.4205
b2014,6420.94
b2015,419.5578
b2016,5853.501
b2017,6468.6365
b2019,16452.97
b2020,18669.905
b2021,8961.704
b2022,12763.97
b2023,20387.41
b2024,10983.9565
b2025,15543.78
b2026,11478.47
b2027,7494.0275
b2028,1475.70155
b2029,13382.01
b2031,9165.0
b2032,10868.1355
b2033,17236.045
b2034,5470.383
b2035,3011.0015
b2036,4508.694
b2037,4370.4985
b2038,2665.4555
b2039,9747.44
b2040,14755.645
b2041,10070.055
b2042,30472.15
b2043,542.95075
b2044,181.13415
b2045,89.130335
b2046,25.85233
b2047,22.85362
b2048,69.682325
b2049,68.18454
b2050,128.2993
b2051,31.30661
b2052,139.16575
b2053,173.72285
b2054,106.29392
b2055,18.07296
b2056,20.68714
b2057,159.58315
b2058,76.550525
b2059,34.8638
b2060,36.39051
b2061,453.12713
b2062,55.255565
b2063,2838.538
b2064,471.61145
b2065,9514.177
b2066,3707.3535
b2067,952.8675
b2068,356.6303
b2069,301.80745
b2070,3722.2395
b2071,39.33536
b2072,13.58348
b2073,4201.0655
b2074,501.3798
b2075,294.53025
b2076,252.00555
b2077,349.89295
b2078,426.7885
b2079,5983.756
b2080,3735.852
b2081,2481.819
b2082,1770.6205
b2084,275.7998
b2085,479.2769
b2086,434.25235
b2087,17.81112
b2090,7586.736
b2091,30260.28
b2092,62490.335
b2093,116599.05
b2094,111972.525
b2095,69770.87
b2096,97470.23
b2097,23326.9
b2098,95.214625
b2099,647.6252
b2100,405.1865
b2101,572.3611
b2102,1265.3625
b2103,2257.906
b2104,305.3804
b2105,1247.5775
b2106,3223.9145
b2107,4031.527
b2108,27.246325
b2109,16.115315
b2110,15.06624
b2111,14.247455
b2112,2101.412
b2113,7069.7895
b2114,18348.61
b2115,229.84105
b2116,103.95058
b2117,163.0042
b2118,202.15801
b2119,62.49229
b2120,136.6153
b2121,3839.437
b2122,44.145115
b2123,32.174385
b2124,347.66865
b2125,2121.17
b2126,689.32835
b2127,1422.425
b2128,664.0012
b2129,542.90335
b2130,469.19575
b2131,2422.3735
b2132,2756.576
b2133,6631.564
b2134,1837.2765
b2135,648.5916
b2136,791.1037
b2137,1358.98445
b2138,86.86838
b2139,8.1394175
b2140,665.52735
b2141,192.875
b2142,289.82615
b2143,741.88015
b2144,1791.288
b2145,233.93025
b2146,205.74155
b2147,306.9367
b2148,1549.556
b2149,1714.9465
b2150,3167.876
b2151,204.86205
b2152,891.60145
b2153,67564.755
b2154,1371.1035
b2155,2584.8145
b2156,10740.883
b2157,1029.4226
b2158,198.3859
b2159,3331.047
b2160,601.5396
b2161,61.466845
b2162,17.081145
b2163,81.66442
b2164,22.005465
b2165,91.14035
b2166,133.09595
b2167,2238.416
b2168,1596.786
b2169,992.71095
b2170,24.11704
b2171,7157.191
b2172,284.05145
b2173,11768.885
b2174,685.18325
b2175,20628.73
b2176,634.2595
b2177,1269.3945
b2178,736.3686
b2179,915.9375
b2180,448.01155
b2181,2184.5085
b2182,2665.033
b2183,10330.4
b2184,689.5037
b2185,49604.545
b2186,6745.1455
b2187,9769.499
b2188,627.2562
b2190,2619.39
b2192,77198.17
b2193,808.34
b2194,302.02045
b2195,1126.647
b2196,313.09245
b2197,2917.6285
b2198,451.93595
b2199,3028.8285
b2200,521.9951
b2201,1245.538
b2202,1426.9275
b2203,341.10605
b2204,115.561
b2205,1203.2656
b2206,222.87695
b2207,279.367
b2208,466.60775
b2209,1020.256
b2210,9404.6625
b2211,2984.788
b2212,416.9363
b2213,274.6639
b2214,376.772
b2215,98466.325
b2216,9015.712
b2217,8413.3245
b2218,883.27415
b2219,485.70045
b2220,466.11335
b2221,35.001575
b2222,10.942439
b2223,18.2154665
b2224,102.303305
b2225,37.15757
b2226,124.9237
b2227,153.3204
b2228,175.95955
b2229,25.297135
b2230,292.17515
b2231,9352.532
b2232,12624.905
b2233,1943.3625
b2234,13969.46
b2235,5012.525
b2236,2917.9605
b2237,500.4001
b2238,20.61857
b2239,195.2385
b2240,262.58105
b2241,139.20615
b2242,709.5065
b2243,99.105065
b2244,55.79304
b2245,595.75755
b2246,671.27245
b2247,89.890395
b2248,266.75765
b2249,2405.6
b2250,539.2439
b2251,408.472
b2252,27.591115
b2253,405.86785
b2254,1280.317
b2255,547.1193
b2256,575.4047
b2257,641.1503
b2258,40.846155
b2259,1020.00045
b2260,922.5572
b2261,15772.5235
b2262,7428.84
b2263,887.8416
b2264,696.6452
b2265,1087.22665
b2266,18648.54
b2267,970.9976
b2268,792.9795
b2269,294.6956
b2270,142.04015
b2271,198.5952
b2272,58.823585
b2273,30.261835
b2274,156.7665
b2275,79.531475
b2276,9063.351
b2277,11998.295
b2278,15283.875
b2279,16102.105
b2280,23149.635
b2281,16421.87
b2282,23147.09
b2283,13173.895
b2284,38944.685
b2285,52053.745
b2286,20389.18
b2287,31411.865
b2288,9770.774
b2289,2343.3015
b2290,3111.837
b2291,889.60035
b2292,230.48655
b2293,4456.057
b2294,9687.9395
b2295,4666.1945
b2296,38805.0
b2297,16804.08
b2298,45.84966
b2299,6830.7435
b2300,5871.831
b2301,1155.6255
b2302,636.0763
b2303,9571.177
b2304,2494.0505
b2305,496.02795
b2306,1515.7615
b2307,6969.3665
b2308,1577.1895
b2309,21595.825
b2310,8021.2785
b2311,613.25615
b2312,10147.288
b2313,49668.49
b2314,3570.6715
b2315,2521.028
b2316,17490.445
b2317,3105.0195
b2318,3358.7215
b2319,3048.372
b2320,5352.7535
b2321,1163.246
b2322,414.06775
b2323,71279.915
b2324,1217.628
b2325,2973.615
b2326,740.03855
b2327,1493.9015
b2328,5037.5335
b2329,7863.9945
b2330,15278.475
b2331,1862.621
b2332,635.44365
b2333,103.01755
b2334,25.306685
b2335,159.4936
b2336,84.24036
b2337,536.6141
b2338,51.1571
b2339,17.455555
b2340,10656.1895
b2341,1516.458
b2342,892.14565
b2343,1637.8105
b2344,1317.511
b2345,134.891
b2346,4388.853
b2347,691.2733
b2349,724.1041
b2350,3188.209
b2351,6578.3745
b2352,2838.3445
b2353,148.9764
b2354,216.5284
b2355,56.1627
b2356,65.9704
b2357,8.1394175
b2358,131.61145
b2359,118.93235
b2360,206.896
b2361,32.48592
b2362,43.04161
b2363,145.1276
b2364,769.47755
b2365,203.4103
b2366,552.1509
b2367,81.063125
b2368,62.06205
b2369,6549.39
b2370,229.79935
b2371,297.69915
b2372,65.85715
b2373,94.218125
b2374,150.1737
b2375,98.613025
b2376,97.456595
b2377,1846.3265
b2378,156.06445
b2379,5833.889
b2380,1178.096
b2381,1426.207
b2382,217.859
b2383,55.045675
b2384,39.451395
b2385,98.423535
b2386,59.41585
b2387,67.212945
b2388,2723.352
b2389,178.4874
b2390,275.7253
b2392,398.95035
b2393,7454.0455
b2394,3166.145
b2395,634.88755
b2398,890.80425
b2399,317.7408
b2400,17093.225
b2405,747.6864
b2406,29.563095
b2407,7751.3705
b2408,2328.67155
b2409,680.54015
b2410,820.6115
b2411,1811.059
b2412,2294.5505
b2413,2408.105
b2414,58001.27
b2415,13397.19
b2416,31500.375
b2417,13375.58
b2418,5411.991
b2419,269.98475
b2420,178.90415
b2421,23182.365
b2422,16522.33
b2423,11994.4535
b2424,24978.625
b2425,5792.958
b2426,1877.4465
b2427,119.99595
b2428,1745.1585
b2429,172.8807
b2430,252.16885
b2431,3450.1145
b2432,1657.4255
b2433,2639.422
b2434,2474.544
b2435,5634.7335
b2436,19729.635
b2437,125.7378
b2438,2550.901
b2439,1952.9995
b2440,1200.6239
b2441,3915.4985
b2442,1082.21285
b2443,939.87025
b2444,168.47625
b2445,225.78045
b2446,486.4047
b2447,277.23055
b2448,6816.582
b2449,1323.4535
b2450,2956.723
b2451,94.440475
b2452,312.60505
b2453,126.7099
b2454,205.62345
b2455,80.488575
b2456,21.14966
b2457,1555.624
b2458,290.95795
b2459,2927.0365
b2460,246.29175
b2461,61.730945
b2462,116.47584
b2463,5865.407
b2464,16659.82
b2465,11003.822
b2466,1400.3625
b2467,1146.8146
b2468,69.996825
b2469,381.0723
b2470,237.73785
b2471,3119.671
b2472,1446.993
b2473,626.3623
b2474,545.7514
b2475,2766.3465
b2476,11923.465
b2477,15470.82
b2478,20621.71
b2479,6258.5965
b2480,35005.42
b2481,17.823345
b2482,349.2652
b2483,8.680801
b2484,221.5024
b2485,73.362585
b2486,32.915735
b2487,118.22925
b2488,460.8338
b2489,187.36255
b2490,115.1507
b2491,90.222455
b2492,35310.71
b2493,707.78805
b2494,1106.47625
b2495,1391.6855
b2496,1629.455
b2497,6925.434
b2498,49371.425
b2499,34165.115
b2500,18381.87
b2501,8067.2275
b2502,3162.3235
b2503,424.8597
b2504,3464.0505
b2505,153.6926
b2506,1148.2556
b2507,33303.545
b2508,47999.495
b2509,5990.18
b2510,1676.392
b2511,4488.6485
b2512,10126.1605
b2513,14604.15
b2514,11038.499
b2515,3522.2685
b2516,9878.634
b2517,4580.3675
b2518,32476.235
b2519,287.39735
b2520,898.39885
b2521,9572.7305
b2522,4730.1545
b2523,7109.94
b2524,23787.54
b2525,18406.445
b2526,16653.42
b2527,12508.865
b2528,25027.035
b2529,52871.685
b2530,49992.285
b2531,12714.09
b2532,3919.305
b2533,6588.731
b2534,17.87214
b2535,355.75885
b2536,169.1627
b2537,835.364
b2538,228.55215
b2539,220.0325
b2540,642.4465
b2541,397.2375
b2542,415.6988
b2543,1982.588
b2544,105.46947
b2545,570.78035
b2546,101.643805
b2547,38795.11
b2548,214.4141
b2549,20.967475
b2550,628.66815
b2551,52583.655
b2552,1364.564
b2553,7788.325
b2554,2522.213
b2555,1558.8011
b2556,2602.6485
b2557,9837.894
b2558,141.8799
b2559,1223.0955
b2560,1347.415
b2561,263.28545
b2562,1148.4494
b2563,8687.377
b2564,8705.462
b2565,3082.7635
b2566,4451.7515
b2567,9346.299
b2568,7841.69
b2569,6746.6765
b2570,588.0163
b2571,3571.0115
b2572,12976.985
b2573,4899.7175
b2574,1158.50885
b2575,996.88515
b2576,3900.539
b2577,478.3973
b2578,78.48705
b2579,3573.8
b2580,4433.711
b2581,4954.5225
b2582,472.2239
b2583,430.2859
b2584,2011.5645
b2585,5016.0535
b2586,299.07645
b2587,15120.25
b2592,2287.171
b2593,1284.1665
b2594,2534.2395
b2595,10792.5735
b2596,8.1394175
b2597,17469.56
b2599,2333.935
b2600,5030.356
b2601,6108.7435
b2602,1064.7594
b2603,623.0765
b2604,211.65615
b2605,1606.8065
b2606,18853.265
b2607,140601.95
b2608,123905.45
b2609,124046.25
b2610,11577.795
b2611,2693.573
b2612,1156.1582
b2613,596.8702
b2614,11005.5045
b2615,1612.269
b2616,944.068
b2617,7559.805
b2618,2756.674
b2619,2086.5685
b2620,17271.12
b2622,310.25245
b2623,505.17945
b2624,144.0275
b2625,594.3314
b2626,45.21694
b2627,951.10805
b2628,1145.0068
b2629,65.964765
b2630,6320.929
b2631,1425.0625
b2632,49.26247
b2633,274.21315
b2634,29.07351
b2635,204.79785
b2636,169.4834
b2637,47.6672
b2638,328.6047
b2639,131.2486
b2640,43.15461
b2641,460.3207
b2642,929.27265
b2643,1171.7095
b2644,38.273325
b2645,36.696275
b2646,145.30015
b2647,264.673
b2649,15.19854
b2650,2703.3235
b2653,35.046715
b2654,15.097155
b2655,54.46315
b2656,50.29504
b2657,31.02676
b2658,56.444325
b2659,3646.8635
b2660,2894.2835
b2661,8248.2075
b2662,5030.8415
b2663,880.04625
b2664,676.9802
b2665,1890.7325
b2666,1107.78335
b2667,831.5562
b2668,7920.3435
b2669,8124.5905
b2670,329.8781
b2671,297.15385
b2672,3710.99
b2673,6859.872
b2674,5445.9445
b2675,2898.6615
b2676,707.82
b2677,3029.218
b2678,1657.979
b2679,2472.6275
b2680,233.75115
b2681,35.039885
b2682,1097.53605
b2683,3409.297
b2684,13888.095
b2685,13467.185
b2686,1743.848
b2687,16534.78
b2688,2529.5555
b2689,2041.5245
b2690,2238.2385
b2696,31837.65
b2697,6987.2285
b2698,203.54395
b2699,6572.701
b2700,3771.657
b2701,3953.052
b2702,143.57365
b2703,243.74705
b2704,380.3835
b2705,366.11405
b2706,177.618
b2707,3713.646
b2708,4793.635
b2709,764.0351
b2710,234.12745
b2711,99.00137
b2712,202.361
b2713,61.7196
b2714,1402.1705
b2715,111.90138
b2716,148.4506
b2717,333.2982
b2718,150.52425
b2719,162.20165
b2720,276.90125
b2721,147.08535
b2722,8.9492455
b2723,16.03892
b2724,34.713475
b2725,10.802326
b2726,67.54343
b2727,1099.4717
b2728,1975.8955
b2729,1106.3969
b2730,1914.8605
b2731,318.06975
b2732,133.17595
b2733,1616.1215
b2734,92.80374
b2735,1053.7254
b2736,203.62215
b2737,104.23254
b2738,20369.88
b2739,164.60095
b2740,224.42495
b2741,43395.545
b2742,113074.8
b2743,3347.129
b2744,2094.6955
b2745,5575.964
b2746,6356.2365
b2747,1157.5189
b2748,10170.9435
b2749,513.5758
b2750,13515.135
b2751,22063.21
b2752,17380.925
b2753,101.95765
b2754,1168.8537
b2755,780.1282
b2756,784.04385
b2757,1752.8625
b2758,195.0481
b2759,402.4873
b2760,316.6136
b2761,14.039711
b2762,10511.1945
b2763,29227.715
b2764,28147.15
b2765,1205.596
b2766,65.575635
b2767,184.4054
b2768,601.3244
b2769,150.1486
b2770,1666.8805
b2771,21.151285
b2772,308.8318
b2773,83.42752
b2774,53.409315
b2775,20.042695
b2776,328.9382
b2777,572.58955
b2778,39.744175
b2779,39951.64
b2780,22614.59
b2781,1118.723
b2782,2164.6315
b2783,4478.016
b2784,6360.6685
b2785,681.0918
b2786,1466.9001
b2787,301.50655
b2788,96.440015
b2789,16.593715
b2790,3166.596
b2791,2781.504
b2792,1555.2935
b2793,848.487
b2794,1866.4735
b2795,3208.732
b2796,1708.9
b2797,798.6226
b2798,186.9948
b2799,505.07595
b2800,1986.238
b2801,53.39175
b2802,196.37305
b2803,2184.77
b2804,5636.1265
b2805,802.8089
b2806,737.51555
b2807,5624.8895
b2808,2240.029
b2809,828.2385
b2810,680.3024
b2811,2658.8615
b2812,3253.5075
b2813,3154.328
b2817,1384.8715
b2818,5089.665
b2819,2543.827
b2820,2299.206
b2821,1238.384
b2822,407.24045
b2823,521.417
b2824,188.8153
b2825,89.76534
b2826,117.93125
b2827,7894.3445
b2828,5192.6585
b2829,4707.704
b2830,8616.679
b2831,174.28735
b2832,363.2585
b2833,749.9239
b2834,3271.284
b2835,427.61775
b2836,742.6009
b2837,3634.436
b2838,1501.3005
b2839,232.8324
b2840,9817.379
b2841,5862.3335
b2842,771.38535
b2843,523.1312
b2844,1325.6995
b2845,126.8405
b2846,102.696455
b2847,195.3436
b2848,295.59015
b2849,10.3948815
b2850,30.14948
b2851,33.65237
b2852,8.1394175
b2853,47.482465
b2854,58.577075
b2855,9001.2665
b2856,967.2202
b2857,81.76493
b2858,28.334825
b2859,162.18895
b2862,80.230605
b2863,439.8537
b2865,939.98595
b2866,474.6389
b2867,185.67375
b2868,136.074
b2869,69.182445
b2870,48.282695
b2871,83.320285
b2872,54.576405
b2873,77.12675
b2874,140.41185
b2875,248.54125
b2876,115.3359
b2877,166.7269
b2878,52.5231
b2879,47.4826
b2880,120.42675
b2881,176.6361
b2882,212.34525
b2883,179.9377
b2884,229.8277
b2885,45.4748
b2886,95.58405
b2887,81.91586
b2888,31.622385
b2889,196.1157
b2890,13409.555
b2891,25238.13
b2892,653.7904
b2893,3728.8825
b2894,4160.5025
b2895,1987.641
b2896,5447.1165
b2897,4168.4995
b2898,12192.928
b2899,4586.388
b2900,3760.3255
b2901,2460.4005
b2902,492.5072
b2903,2900.0895
b2904,12443.985
b2905,5709.5635
b2906,969.35725
b2907,6313.4575
b2908,7369.2385
b2909,24825.76
b2910,1939.3195
b2912,318.66325
b2913,131923.4
b2914,5238.408
b2915,6806.531
b2916,497.5833
b2917,41.42456
b2918,87.36156
b2919,163.08065
b2920,39.27521
b2921,80.875565
b2922,3183.976
b2923,834.78085
b2924,4549.9245
b2925,23662.675
b2926,53178.335
b2927,4675.088
b2928,3564.342
b2929,1398.449
b2930,135.95595
b2931,154.51515
b2932,247.0118
b2933,5832.5915
b2934,112.15953
b2935,24685.75
b2936,4807.379
b2937,3093.663
b2938,6826.125
b2940,913.2423
b2941,67.47301
b2942,69341.615
b2943,147.18995
b2944,561.54995
b2945,1721.6966
b2946,11400.756
b2947,8240.4225
b2948,10596.7775
b2949,2226.446
b2950,165.6478
b2951,2051.6105
b2952,4014.3325
b2953,7223.01
b2954,7850.6045
b2955,1444.4305
b2956,265.5399
b2957,229.87195
b2958,1733.073
b2959,23105.945
b2960,26269.885
b2961,8204.7905
b2962,12120.725
b2963,4026.162
b2964,1011.37035
b2965,1666.8075
b2966,26.24991
b2968,116.0599
b2969,12.9927865
b2970,108.020085
b2971,148.9478
b2972,1587.333
b2973,119.15365
b2974,371.96705
b2975,295.3466
b2976,2110.986
b2977,3230.534
b2978,2366.4665
b2979,313.99865
b2980,3018.156
b2981,54.805715
b2983,72.790925
b2984,79.34425
b2985,50.15528
b2986,157.30555
b2987,490.1066
b2988,1902.7515
b2989,10871.344
b2990,857.4269
b2991,1639.854
b2992,527.23045
b2993,2124.086
b2994,516.27985
b2995,362.56585
b2996,707.47955
b2997,300.66925
b2998,67.63472
b2999,3306.2625
b3000,985.2812
b3001,1841.7825
b3002,1490.1565
b3003,3337.9465
b3004,76.26644
b3005,21111.62
b3006,5382.693
b3007,829.83665
b3008,5265.3355
b3009,1150.2695
b3010,1238.60505
b3011,4930.007
b3012,3874.4935
b3013,82.79518
b3014,100.9744
b3015,1013.48905
b3016,3736.2
b3017,3682.5315
b3018,1473.679
b3019,4186.676
b3020,380.93495
b3021,856.51145
b3022,1687.9565
b3023,488.65755
b3024,5626.6905
b3025,198.62555
b3026,837.5699
b3027,100.30537
b3028,6064.85
b3029,11537.67
b3030,5611.6
b3031,2177.3145
b3032,9337.48
b3033,2753.6755
b3034,969.93795
b3035,10412.144
b3036,7593.9995
b3037,6505.074
b3038,2832.0745
b3039,371.76895
b3040,920.50245
b3041,748.0808
b3042,16322.835
b3043,247.42015
b3046,72.199625
b3047,53.036195
b3048,23.056415
b3049,4616.6925
b3050,131.257
b3051,160.679
b3052,2578.967
b3053,2402.7385
b3054,2825.817
b3055,1835.716
b3056,1561.594
b3057,516.1687
b3058,2795.4225
b3059,1377.0025
b3060,126.7394
b3061,49.596265
b3062,42.54417
b3063,24.691235
b3064,2166.526
b3065,109686.55
b3066,1652.1755
b3067,24154.835
b3068,10556.185
b3070,3639.7055
b3071,2031.633
b3072,247.8987
b3073,2186.168
b3074,22739.8
b3075,2064.684
b3076,386.6805
b3077,62.67586
b3078,433.41635
b3079,50.902815
b3080,54.61954
b3081,1284.608
b3082,519.3756
b3083,449.121
b3084,344.83295
b3085,434.7202
b3086,104.96295
b3087,1821.1835
b3088,307.1153
b3089,9197.1
b3090,160.1218
b3091,180.18075
b3092,319.4793
b3093,99.655285
b3094,3816.4615
b3095,1970.4595
b3096,1385.7975
b3097,15938.875
b3098,31992.28
b3099,14757.555
b3100,9757.2395
b3101,486.43555
b3102,547.2428
b3103,1459.1275
b3104,209.6076
b3105,2597.0485
b3106,821.0775
b3107,1881.01
b3108,371.84555
b3109,437.6031
b3110,69.707785
b3111,277.35775
b3112,138.12355
b3113,197.2215
b3114,366.2228
b3115,113.367025
b3116,211.3424
b3117,12.13943
b3118,81.322835
b3119,8.1394175
b3120,74.012575
b3121,157.53367
b3122,89.706535
b3124,1825.08275
b3125,7312.6695
b3126,334.01475
b3127,8.1394175
b3128,520.4034
b3129,4523.484
b3130,1070.3274
b3131,2673.0695
b3132,113.45233
b3133,187.4713
b3134,344.9274
b3135,349.97885
b3136,61.497525
b3137,186.0485
b3138,61.268065
b3139,22.271775
b3140,38.06664
b3141,137.695585
b3142,132.4899
b3143,72.8739
b3144,55.01271
b3145,504.13205
b3146,970.3121
b3147,4048.4795
b3148,4725.794
b3149,4996.782
b3150,8822.1075
b3151,3485.0625
b3152,371.76105
b3153,673.91635
b3154,592.54505
b3155,393.30015
b3156,947.7862
b3157,3177.913
b3158,2143.66895
b3159,66.298915
b3160,4832.5405
b3161,359.44845
b3162,977.2445
b3163,16146.415
b3164,23858.6
b3165,34045.63
b3166,3841.379
b3167,10444.8175
b3168,13198.345
b3169,33499.435
b3170,14132.996
b3172,32440.305
b3173,247.66335
b3175,23582.3
b3176,13962.74
b3177,2274.1395
b3178,8226.2565
b3179,10200.3295
b3180,22810.135
b3181,3321.743
b3182,469.14105
b3183,2070.5385
b3184,955.33945
b3185,83928.6
b3186,69201.43
b3187,7158.5075
b3188,128.16245
b3189,3392.177
b3190,12596.64
b3191,1768.194
b3192,10450.2965
b3193,11370.9
b3194,6013.696
b3195,6311.5775
b3196,6387.84
b3197,7014.417
b3198,13077.345
b3199,17064.63
b3200,5162.365
b3201,4687.693
b3202,8103.338
b3203,21828.45
b3204,10245.448
b3205,2388.182
b3206,1488.66
b3207,16989.42
b3208,1792.167
b3209,1957.59
b3210,8743.219
b3211,91.335345
b3212,56773.98
b3213,49731.94
b3214,1262.8775
b3215,168.6995
b3216,199.7434
b3217,150.5254
b3219,643.24275
b3220,109.189835
b3221,661.06625
b3222,254.93865
b3223,377.82235
b3224,244.9086
b3225,236.1614
b3226,1237.1085
b3227,71.953785
b3228,15388.945
b3229,11063.328
b3230,28785.2
b3231,140004.65
b3232,814.3118
b3233,7657.701
b3234,7758.1205
b3235,1256.1786
b3236,37798.86
b3237,9872.811
b3238,162.0877
b3239,1602.9665
b3240,24.477765
b3241,217.26815
b3242,123.632
b3243,1215.01765
b3244,1201.1
b3245,338.36515
b3246,431.4489
b3247,1277.564
b3248,6647.231
b3249,2049.395
b3250,2107.2145
b3251,12115.248
b3252,2119.492
b3253,2332.6415
b3255,38042.405
b3256,21521.01
b3257,4481.896
b3258,768.77385
b3259,2776.5345
b3260,17828.515
b3261,12905.38
b3262,133.28795
b3263,535.822
b3264,50.6166
b3265,2143.069
b3266,742.05655
b3267,261.37465
b3268,256.9474
b3269,115.611665
b3270,363.08535
b3271,692.06645
b3279,1065.841
b3280,2120.126
b3281,3361.879
b3282,3627.2775
b3283,4204.5165
b3284,14942.245
b3285,436.8364
b3286,296.78625
b3287,11954.025
b3288,9240.7415
b3289,5090.152
b3290,2298.768
b3291,4931.3175
b3292,1132.62835
b3293,2680.7785
b3294,119941.5
b3295,51752.64
b3296,141346.9
b3297,83013.625
b3298,104685.865
b3300,127286.7
b3301,166855.65
b3302,148000.75
b3303,163611.05
b3304,70405.975
b3305,104540.555
b3306,117036.8
b3307,127838.55
b3308,196801.45
b3309,104612.27
b3310,176674.9
b3311,89465.325
b3312,102241.13
b3313,108740.875
b3314,98412.23
b3315,173798.0
b3316,108860.795
b3317,163380.95
b3318,148151.7
b3319,146188.45
b3320,112326.535
b3321,190155.3
b3322,953.2015
b3323,195.5212
b3324,90.34405
b3325,271.09155
b3326,247.4703
b3327,45.620855
b3328,82.53889
b3329,65.763245
b3330,87.78115
b3331,31.011435
b3332,46.559185
b3333,736.83905
b3334,33.46953
b3335,32.216515
b3336,12763.22
b3337,2231.493
b3338,323.05905
b3339,195267.05
b3340,232210.9
b3341,103229.45
b3342,153502.45
b3343,1565.48
b3344,873.32665
b3345,4047.0365
b3346,5214.865
b3347,3703.588
b3348,1805.78
b3349,24781.74
b3350,920.4079
b3351,2474.3915
b3352,3683.993
b3353,3501.265
b3354,1518.063
b3355,892.3042
b3356,8399.2645
b3357,17200.625
b3358,717.46435
b3359,6941.2195
b3360,894.6641
b3361,3110.6695
b3362,4986.9845
b3363,7674.111
b3364,1419.478
b3365,66.98548
b3366,40.66735
b3367,179.70495
b3368,2031.367
b3369,78.58123
b3370,8.3339095
b3371,254.1028
b3372,123.727
b3373,212.86085
b3374,439.62295
b3375,1480.2285
b3376,4738.522
b3377,63.706025
b3378,180.37735
b3379,256.08095
b3380,66.63519
b3381,40.9008
b3382,2434.4245
b3383,274.10685
b3384,10435.5635
b3385,11084.57
b3386,8139.272
b3387,2682.141
b3388,4723.1925
b3389,2695.873
b3390,12730.725
b3391,190.7383
b3392,68.08861
b3393,175.12535
b3394,1892.384
b3395,180.41735
b3396,1776.2415
b3397,1615.1275
b3398,771.68235
b3399,2793.7825
b3400,14659.81
b3401,1358.42655
b3402,518.2797
b3403,41635.63
b3404,1016.20295
b3405,1655.948
b3406,2949.1715
b3407,4600.0875
b3408,2398.494
b3409,2291.638
b3410,1292.2315
b3411,193.25835
b3412,1659.999
b3413,5995.7425
b3414,17951.985
b3415,8059.6935
b3416,1301.384
b3417,1455.536
b3418,1944.9975
b3419,391.77595
b3420,738.73015
b3421,2301.7545
b3422,184.39775
b3423,1324.6155
b3424,9987.3925
b3425,3701.111
b3426,418.16865
b3427,501.10985
b3428,1966.81
b3429,12248.637
b3430,8739.957
b3431,12141.79
b3432,8851.587
b3433,18097.615
b3434,987.15135
b3435,5792.8495
b3436,2024.0125
b3437,15731.545
b3438,1339.832
b3439,978.63265
b3440,1738.361
b3441,821.03445
b3442,42.529455
b3443,8.1394175
b3446,3051.1025
b3447,616.45785
b3448,596.0452
b3449,2032.929
b3450,1699.1795
b3451,340.3479
b3452,603.2374
b3453,1879.292
b3454,7790.804
b3455,9118.904
b3456,10894.877
b3457,3183.5155
b3458,6682.907
b3459,517.8395
b3460,76568.51
b3461,2290.836
b3462,424.4203
b3463,3798.4835
b3464,8982.2545
b3465,11437.705
b3466,364.591
b3467,1066.4505
b3468,1680.636
b3469,592.3191
b3470,4586.684
b3471,960.1976
b3472,13243.66
b3473,477.3312
b3474,923.9013
b3475,3168.618
b3476,8.1394175
b3477,311.2828
b3478,8.832662
b3479,263.2337
b3480,213.14665
b3481,2484.2025
b3482,22.95082
b3483,77.23854
b3484,11093.95
b3485,493.74755
b3486,2102.44
b3487,5253.8145
b3488,135.6413
b3489,23.22004
b3490,76.227175
b3491,86.74713
b3492,3314.704
b3493,4987.6145
b3494,2121.575
b3495,61940.335
b3496,286.95425
b3497,2332.8955
b3498,4203.4635
b3499,5648.086
b3500,5492.038
b3501,100.76189
b3502,318.3556
b3503,510.2748
b3504,12.890541
b3506,2875.8195
b3507,114.3701
b3508,7833.531
b3509,12484.335
b3510,26173.86
b3511,3027.9735
b3512,2324.6445
b3513,2376.85
b3514,28.80945
b3515,1417.255
b3516,5448.637
b3517,1352.213
b3518,158.1897
b3519,276.6982
b3520,573.19305
b3521,1284.1475
b3522,1979.725
b3523,8407.407
b3524,150.1289
b3525,35.967815
b3526,4307.5505
b3527,564.24375
b3528,5190.0245
b3529,1203.98875
b3530,1061.41655
b3531,268.0029
b3532,623.8771
b3533,195.01255
b3534,295.605
b3535,2605.6415
b3536,1608.6125
b3537,1728.1605
b3538,474.56545
b3539,321.0146
b3540,2085.088
b3541,21283.61
b3542,7084.172
b3543,12653.685
b3544,15073.055
b3546,239.2986
b3547,386.90495
b3548,1011.30365
b3549,1429.229
b3550,4414.946
b3551,2038.0675
b3552,580.86325
b3553,3362.6485
b3554,2963.081
b3555,2331.2185
b3556,15059.91
b3557,95.170815
b3558,534.1165
b3559,14079.975
b3560,20768.125
b3561,406.3848
b3562,11.505101
b3563,18.908375
b3564,437.724
b3565,1229.22455
b3566,159.8292
b3567,95.1665
b3568,198.97395
b3569,790.87755
b3570,3072.862
b3571,140.7239
b3572,8110.573
b3573,224.903
b3574,5275.861
b3575,70.978475
b3576,27.905955
b3577,8.7537285
b3578,8.744897
b3579,31.656715
b3580,67.019235
b3581,196.18925
b3582,126.80125
b3583,309.04085
b3584,246.476
b3585,395.74185
b3586,175.63865
b3587,566.3185
b3588,958.26615
b3589,9.7272005
b3590,1697.774
b3591,1576.2075
b3592,2504.754
b3593,403.0564
b3594,3788.8575
b3595,133.08535
b3596,96.350755
b3597,248.5449
b3598,248.525
b3599,1310.31105
b3600,6042.293
b3601,275.92005
b3602,1743.361
b3603,710.2901
b3604,2340.92
b3605,1441.892
b3606,940.49085
b3607,1282.6525
b3608,13317.295
b3609,23887.515
b3610,17111.645
b3611,12309.219
b3612,18848.16
b3613,1075.0585
b3614,378.99
b3615,86.56985
b3616,787.3376
b3617,3920.4595
b3618,2432.0125
b3619,11674.1
b3620,2467.8335
b3621,6318.8905
b3622,2726.1525
b3623,2137.3705
b3624,578.0727
b3625,2689.1595
b3626,1477.5905
b3627,1623.7735
b3628,2489.9825
b3629,2465.654
b3630,2199.9715
b3631,4814.4395
b3632,1945.124
b3633,1671.126
b3634,1187.087
b3635,621.1943
b3636,105223.86
b3637,65943.475
b3638,3480.7155
b3639,10264.052
b3640,5737.839
b3641,8648.7835
b3642,168.68815
b3643,4923.5085
b3644,3620.426
b3645,462.3708
b3646,36.775055
b3647,94.00761
b3648,4162.0105
b3649,17618.98
b3650,3387.7025
b3651,6707.0915
b3652,762.5242
b3653,623.33385
b3654,5824.7925
b3655,1452.6675
b3656,281.97215
b3657,313.35075
b3659,8.1394175
b3660,487.272
b3661,8336.036
b3662,197.0488
b3663,174.2956
b3664,101.05129
b3665,618.6692
b3666,22.661885
b3667,118.729415
b3668,396.67365
b3669,5184.481
b3670,8366.3125
b3671,19560.715
b3673,10.3041565
b3674,358.8817
b3675,378.52665
b3676,488.8974
b3677,330.16395
b3678,56.442805
b3679,76.317015
b3680,31.56987
b3681,190.5175
b3682,37.382785
b3683,9.6150265
b3684,2228.3015
b3685,547.1317
b3686,783.09555
b3687,1425.896
b3688,2647.743
b3689,204.87915
b3690,141.9755
b3691,41.335935
b3692,273.2255
b3693,62.024675
b3694,1500.518
b3695,1074.3313
b3696,506.54575
b3697,3596.8725
b3698,1239.719
b3699,7030.422
b3700,2498.5465
b3701,8646.8575
b3702,7009.0565
b3704,34340.94
b3705,10535.6
b3706,2032.7975
b3708,214.5262
b3709,61.508735
b3710,85.31907
b3711,355.21295
b3712,746.32855
b3713,5254.762
b3714,7875.813
b3715,826.20165
b3716,666.033
b3717,526.79675
b3718,261.7901
b3719,243.9038
b3720,89.54467
b3721,44.375245
b3722,61.108875
b3723,46.7536
b3724,3823.1215
b3725,4162.8885
b3726,2831.8435
b3727,1475.4505
b3728,2971.186
b3729,13354.49
b3730,7641.6525
b3731,30282.94
b3732,53070.0
b3733,17528.37
b3734,111535.5
b3735,62201.21
b3736,49555.315
b3737,86849.715
b3738,40786.88
b3739,19718.66
b3740,2234.975
b3741,2371.019
b3742,7290.8495
b3743,877.557
b3744,1502.9425
b3745,990.7447
b3746,1592.3455
b3747,1524.6855
b3748,2760.4865
b3749,417.52455
b3750,2312.1145
b3751,19637.13
b3752,1040.9391
b3753,905.8463
b3754,306.07155
b3755,2120.405
b3762,670.5501
b3763,2785.2495
b3764,6899.405
b3765,93.944335
b3767,22826.555
b3769,6931.6015
b3770,36148.195
b3771,6698.296
b3772,18885.93
b3773,839.14775
b3774,83155.705
b3775,1184.007
b3776,163.73005
b3777,432.1358
b3778,1561.684
b3779,4336.393
b3780,7326.1645
b3781,13800.415
b3783,6654.3585
b3784,2416.989
b3785,2846.2335
b3786,6750.18
b3787,1514.9505
b3788,2150.9815
b3789,2062.355
b3790,1059.863
b3791,2793.2085
b3792,2600.8125
b3793,2534.462
b3794,1568.931
b3795,795.13005
b3800,175.329
b3801,295.17105
b3802,3144.1435
b3803,4112.515
b3804,1750.525
b3805,12429.259
b3806,3697.1935
b3807,4916.442
b3808,155.26095
b3809,6915.8015
b3810,4975.9815
b3811,3520.789
b3812,3317.328
b3813,5757.2985
b3814,144.99265
b3815,52.236005
b3816,2748.9595
b3817,78.369295
b3818,23.543615
b3819,744.04085
b3820,3456.693
b3821,1137.125
b3822,1320.9505
b3823,1099.05695
b3824,1388.4935
b3825,1073.87285
b3826,2585.506
b3827,645.6559
b3828,4468.347
b3829,78443.83
b3830,4126.5255
b3831,15104.555
b3832,905.8165
b3833,11300.085
b3834,6042.878
b3835,4889.83
b3836,17645.605
b3837,8164.116
b3838,7941.17
b3839,572.9559
b3840,992.40755
b3841,1650.9985
b3842,1115.4574
b3843,5085.8105
b3844,4567.757
b3845,826.97185
b3846,3588.2645
b3847,8070.732
b3848,3091.0465
b3849,869.8351
b3850,5817.6835
b3856,565.90375
b3857,492.3736
b3858,2741.849
b3859,8042.651
b3860,4081.2
b3861,61.498145
b3862,462.7196
b3863,4741.083
b3865,1926.6765
b3866,7383.088
b3867,1947.3575
b3868,2682.439
b3869,3220.366
b3870,38538.035
b3871,14712.59
b3872,270.8457
b3873,344.8492
b3874,20.64875
b3875,79.335825
b3876,87.32541
b3877,27.19858
b3878,183.7588
b3879,28.104995
b3880,339.7187
b3881,222.4922
b3882,110.20364
b3883,409.75815
b3884,975.519
b3885,3858.8195
b3886,1424.624
b3887,6950.2475
b3888,3551.3845
b3889,32.02203
b3890,83.22363
b3891,1554.3845
b3892,316.67545
b3893,240.4866
b3894,475.16045
b3895,593.5576
b3896,30.73657
b3897,41.294025
b3898,126.8776
b3899,33.75748
b3900,40.498405
b3901,9.6015915
b3902,1054.3561
b3903,8.6691545
b3904,11.285088
b3905,70.969415
b3906,8.1394175
b3907,139.46721
b3908,70337.18
b3909,384.4251
b3910,1243.435
b3911,2627.0585
b3912,11979.53
b3913,4088.6815
b3914,812.751
b3915,1964.129
b3916,17114.185
b3917,4576.9285
b3918,425.8549
b3919,20388.495
b3920,1814.5945
b3921,1640.5905
b3922,4099.926
b3923,3483.1235
b3924,5081.4795
b3925,3378.953
b3926,687.9092
b3927,709.65655
b3928,12794.445
b3929,6736.574
b3930,1490.0315
b3931,1091.58515
b3932,13049.615
b3933,4485.4995
b3934,4579.1075
b3935,728.9606
b3936,41051.0
b3937,266.45555
b3938,7325.1895
b3939,18525.045
b3940,3894.8615
b3941,8708.828
b3942,3668.4805
b3943,113.103635
b3944,30798.29
b3945,1307.492
b3946,688.96595
b3947,37.8815
b3948,8.9499095
b3949,95.92153
b3950,72.68916
b3951,89.11355
b3952,459.40855
b3953,308.03695
b3954,1138.513
b3955,3641.479
b3956,37960.625
b3957,15042.525
b3958,9675.406
b3959,26771.605
b3960,3919.476
b3961,9937.3995
b3962,17643.905
b3963,6462.357
b3964,3433.973
b3965,2661.382
b3966,1529.5125
b3967,4763.385
b3972,2774.15
b3973,2177.9655
b3974,1543.796
b3975,16.1868165
b3980,193107.55
b3981,32153.525
b3982,10721.735
b3983,103778.825
b3984,116371.45
b3985,89359.305
b3986,156918.0
b3987,28294.1
b3988,18774.08
b3989,67.662945
b3990,173.9478
b3991,154.87275
b3992,236.55345
b3993,381.31705
b3994,248.3919
b3995,3459.5955
b3996,2259.4805
b3997,1405.7565
b3998,5627.8475
b3999,4413.1305
b4000,67006.3
b4001,585.1442
b4002,843.06155
b4003,243.2459
b4004,837.50355
b4005,15867.14
b4006,20103.895
b4011,104.800855
b4012,34815.195
b4013,7371.3085
b4014,63162.37
b4015,40580.6
b4016,1758.736
b4017,21.036805
b4018,2532.5945
b4019,3974.6155
b4020,361.4074
b4021,339.7684
b4022,3202.8105
b4023,2168.3885
b4024,14379.835
b4025,11959.839
b4026,116.5057
b4027,107.2129
b4028,3100.2165
b4029,279.0204
b4030,2064.1585
b4031,37.21367
b4032,1500.8965
b4033,249.897
b4034,1340.131
b4035,171.9738
b4036,1340.1955
b4037,124.5768
b4038,25.18662
b4039,10325.3025
b4040,3250.3985
b4041,3255.9475
b4042,2806.0255
b4043,562.922
b4044,258.4062
b4045,521.3964
b4046,3088.5125
b4047,10.11341
b4048,55.055895
b4049,3048.251
b4050,370.15235
b4051,2379.928
b4052,3153.88
b4053,580.91275
b4054,3638.3145
b4055,448.8283
b4056,5006.577
b4057,2038.7415
b4058,2619.246
b4059,5252.2505
b4060,937.22975
b4061,164.10805
b4062,3981.638
b4063,307.399
b4064,3421.5345
b4065,483.21145
b4066,33.14678
b4067,1826.48
b4068,1650.855
b4069,5646.23
b4070,52.8336
b4071,102.161
b4072,29.294685
b4073,928.5913
b4074,129.5839
b4075,1396.045
b4076,44.910235
b4077,660.207
b4078,945.30315
b4079,228.36145
b4080,20.751875
b4081,26.073745
b4082,25.491505
b4083,74.83201
b4084,274.5701
b4085,198.7247
b4086,919.02195
b4087,191.1814
b4088,268.1846
b4089,3838.884
b4090,895.1863
b4091,5399.5745
b4092,873.57955
b4093,1500.225
b4094,416.55985
b4095,139.03275
b4096,189.07975
b4097,135.5334
b4098,117.1368
b4099,1056.9807
b4100,35.122815
b4101,76.434895
b4102,53.61494
b4103,35.227045
b4104,64.224265
b4105,43.54054
b4106,179.1038
b4107,1374.082
b4108,3386.4465
b4109,447.3051
b4110,429.6667
b4111,4337.925
b4112,3327.302
b4113,2138.9135
b4114,980.91765
b4115,70.04254
b4116,267.8651
b4117,26.27629
b4118,393.74985
b4119,242.4781
b4120,163.80235
b4121,799.65125
b4122,1229.85915
b4123,63.778875
b4124,2181.83
b4125,2492.755
b4126,829.12495
b4127,2746.766
b4128,105.682275
b4129,2086.5515
b4130,1399.5715
b4131,54.77749
b4132,13.267821
b4133,129.5785
b4135,4750.7245
b4136,1261.4515
b4137,4475.1575
b4138,6086.825
b4139,5592.061
b4140,2957.668
b4141,785.0915
b4142,82451.065
b4143,40129.605
b4144,10828.1895
b4145,84.878085
b4146,2958.7065
b4147,14529.525
b4148,1229.2175
b4149,1121.957
b4150,392.9413
b4151,814.0541
b4152,1241.451
b4153,1923.3515
b4154,5312.287
b4155,445.32575
b4156,57.852675
b4157,3525.033
b4158,138.45675
b4159,476.71895
b4160,12101.48
b4161,7347.3155
b4162,1608.9075
b4166,359.7943
b4167,1594.0265
b4168,2969.968
b4169,2807.534
b4170,1644.8035
b4171,45432.47
b4172,43622.95
b4173,14905.18
b4174,13282.325
b4175,12564.88
b4176,377.7257
b4177,23794.45
b4178,6508.861
b4179,4643.503
b4180,1012.5862
b4181,305.36
b4182,55.273325
b4183,37.48444
b4184,15.899375
b4185,38.050375
b4186,48.84221
b4187,3022.0555
b4188,272.6045
b4189,304.7821
b4190,443.17045
b4191,2378.7355
b4192,157.9151
b4193,104.401675
b4194,98.06574
b4195,361.77315
b4196,928.8224
b4197,146.593
b4198,348.66095
b4199,143.71045
b4200,104557.055
b4201,123514.95
b4202,110585.435
b4203,42199.79
b4204,37.282615
b4205,21.20236
b4206,6813.714
b4207,10021.9705
b4208,8976.841
b4209,41.21533
b4210,252.6031
b4211,1154.17855
b4212,800.4242
b4213,239.1189
b4214,3327.4375
b4215,42.4321
b4216,221.7866
b4217,577.72
b4218,394.5275
b4219,4182.4145
b4220,1425.112
b4221,3036.199
b4222,8266.697
b4223,30.98633
b4224,874.67195
b4225,9814.646
b4226,15008.285
b4227,655.61075
b4228,227.6352
b4229,2979.7365
b4230,175.1852
b4231,516.54595
b4232,24811.165
b4233,14118.495
b4234,3835.269
b4235,1437.8945
b4236,1283.0635
b4237,200.4415
b4238,839.00115
b4239,141.1903
b4240,613.2713
b4241,2079.657
b4242,1773.7815
b4243,44255.875
b4244,70294.38
b4245,148042.55
b4247,20.325905
b4248,1396.595
b4249,151.331
b4250,1639.9345
b4251,1577.7925
b4252,48508.33
b4253,773.6289
b4254,10517.1085
b4255,13430.485
b4256,380.02105
b4257,152.47615
b4258,14787.005
b4259,10923.77
b4260,16809.49
b4261,1626.6225
b4262,2531.157
b4263,3332.7035
b4264,4763.0855
b4265,18412.1
b4266,129694.2
b4267,49025.06
b4268,7467.8605
b4269,3237.9395
b4271,405.7844
b4274,71.456005
b4275,248.20375
b4276,166.7086
b4277,402.1783
b4278,553.89755
b4279,2192.639
b4280,585.168
b4281,3111.381
b4282,28.042155
b4283,123.86985
b4285,116.553495
b4286,82.96212
b4287,248.2562
b4288,392.72585
b4289,248.153
b4290,734.83515
b4291,1104.3357
b4292,583.27055
b4293,3016.7265
b4294,2059.562
b4295,1163.74505
b4296,53.195825
b4297,208.45195
b4298,287.4411
b4299,39.745725
b4300,462.38135
b4301,240.51215
b4302,377.66305
b4303,68.40723
b4304,127.41445
b4305,172.91795
b4307,168.91765
b4308,8371.4555
b4309,37.850835
b4310,876.81465
b4311,111.98665
b4312,1264.536
b4313,507.4258
b4314,10973.62
b4315,4521.2645
b4316,1376.3745
b4317,463.73935
b4318,415.68795
b4319,1007.814
b4320,236.61025
b4321,112.0695
b4322,5651.851
b4323,557.9611
b4324,483.6375
b4325,16.42965
b4326,351.2547
b4327,128.79605
b4328,2737.0575
b4329,2771.6925
b4330,8.919965
b4331,414.9238
b4332,33.77834
b4333,230.37555
b4334,495.161015
b4335,151.9053
b4336,225.89335
b4337,96.79609
b4338,7672.092
b4339,8332.878
b4340,439.69355
b4341,576.1081
b4342,1746.6365
b4343,457.95915
b4344,24.90717
b4345,171.55205
b4346,675.17195
b4347,10666.01
b4348,1035.71015
b4349,4482.1205
b4350,118.50375
b4351,1751.2815
b4352,4258.853
b4353,12643.37
b4354,12775.435
b4355,535.59245
b4356,97.36133
b4357,62.848105
b4358,40.95767
b4359,1515.524
b4360,990.5288
b4361,2720.7115
b4362,5848.6615
b4363,28.647605
b4364,153.0146
b4365,10.3446015
b4366,362.69515
b4367,3864.6145
b4371,1549.667
b4372,5802.41
b4373,3907.295
b4374,2844.33
b4375,9535.2385
b4376,19488.69
b4377,10620.095
b4378,4393.39
b4379,229.0791
b4380,173.90695
b4381,4752.389
b4382,3818.795
b4383,4971.6015
b4384,12171.2105
b4385,605.72505
b4386,20915.63
b4387,4957.998
b4388,7469.709
b4389,4769.4625
b4390,2819.1225
b4391,2726.055
b4392,941.95
b4393,1425.638
b4394,3832.67
b4395,7482.966
b4396,5923.5635
b4397,7727.9965
b4398,1653.5245
b4399,176.48945
b4400,265.2987
b4401,12998.515
b4403,1966.294
b4404,1587.8155
b4405,345.15725
