reaction_id,measured_flux
PGI,-0.8981728081154179
FBA,-0.5870116711669722
TPI,-0.58701167113178
GAPD,-1.1293058711585884
PGM,-1.7891416711547217
PDH,21.0173942415587
EDD,2.6714245884544844e-09
G6PDH2r,0.8768016081346633
GND,0.8768016054632387
RPI,0.538926468476706
RPE,0.3378751369865324
TKT1,0.2477438684987684
TKT2,0.0901312684877639
PPC,2.489448585123298
PPCK,1.1648025222064504
CS,8.081921490407185
ICDHyr,7.979320059225184
AKGDH,7.415654659249418
SUCDi,7.518256090405909
FUM,7.518256090405909
ICL,0.1026014311623852
