reaction,flux,metabolite,direction
EX_ac_m,0.9651625058097348,ac,export
EX_ade_m,-3.917410928874591e-06,ade,import
EX_ca2_m,-0.0008206552059775114,ca2,import
EX_cl_m,-0.0008206552059775114,cl,import
EX_co2_m,3.0810888543812163,co2,export
EX_cobalt2_m,-0.0008206552059775114,cobalt2,import
EX_cu2_m,-0.0008206552059775114,cu2,import
EX_fe2_m,-0.001399178902242193,fe2,import
EX_fe3_m,-0.000820885003115088,fe3,import
EX_for_m,1.2511314775997252e-05,for,export
EX_fru_m,-1.7572847163138112,fru,import
EX_gal_m,-0.006814718279477941,gal,import
EX_glyc_m,1.7880167087656526e-07,glyc,export
EX_gua_m,-5.084287063021071e-06,gua,import
EX_h_m,1.938395529544387,h,export
EX_h2o_m,6.672364491511361,h2o,export
EX_hdca_m,-1.9105410337043594e-06,hdca,import
EX_k_m,-0.0008206552059775114,k,import
EX_man_m,-0.08034054937129553,man,import
EX_mg2_m,-0.0008206552059775114,mg2,import
EX_mn2_m,-0.0008206552059775114,mn2,import
EX_na1_m,-1.1176622709744193e-06,na1,import
EX_nac_m,-0.0016411384709927798,nac,import
EX_nh4_m,-1.2578021500579666,nh4,import
EX_o2_m,-2.4846583675418885,o2,import
EX_ocdca_m,-0.007959748587562512,ocdca,import
EX_oxa_m,9.702944650021102e-07,oxa,export
EX_pi_m,-0.19642286648501675,pi,import
EX_ppi_m,5.9929561046760647e-05,ppi,export
EX_pydam_m,-0.0005313644297574754,pydam,import
EX_ribflv_m,-0.0016413104119550228,ribflv,import
EX_so4_m,-0.03913119979506721,so4,import
EX_thm_m,-0.00028937674670112583,thm,import
EX_ura_m,-0.03667842986392081,ura,import
EX_zn2_m,-0.0008206552059775114,zn2,import
EX_gcald_m,1.6532142705437985e-07,gcald,export
EX_gly_m,-0.2221465328539112,gly,import
EX_thymd_m,-0.004511426703609059,thymd,import
