PC1,PC2,PC3,PC4,PC5,PC6,PC7,PC8,PC9,PC10,PC11,PC12,PC13,PC14,PC15,PC16,PC17,PC18,PC19,PC20,SampleID,Group,Dataset
-6.316715415595443,-2.2336159533226816,-1.618341493076902,-3.7717899983767,-1.0592696460151045,-1.1343207442615322,0.2622299910321229,-5.255151645916123,-2.5201652128680387,-3.9900249320796437,-1.241432144585451,-0.369533439179914,-1.380408902675547,0.8240630651729406,-8.022431927019506,0.5323768832284885,1.287007480118138,-0.7914766605734677,3.150103254579183,0.35180009545938584,SCD_GSE101657_Control_SCD_0_Flux,SCD,GSE101657
-3.960300272107511,-8.749931856964894,-0.4578792744472684,-4.915870106682445,-2.4460101466366275,2.7226755744389233,5.94415339223655,0.6055053861096421,2.145000785851321,-4.515889236149057,2.5546873394755023,0.2616444648107391,-4.41323967996987,-1.7748687835025911,-4.622645046423816,1.1645828614364684,1.3332696375050397,-1.5166510292447843,-2.783719314150821,-0.6731245692271588,SCD_GSE101657_Control_SCD_1_Flux,SCD,GSE101657
-10.236901555457552,4.007913586027836,2.026697123987288,-1.7526532155108983,0.402265011769581,1.8921863705927109,5.838739119839381,-2.415458832186063,-5.793333351318015,0.02325010134433495,0.0737473277363632,-2.5548802703996008,-7.400745863516214,-3.9487256888711375,-3.7662164524418884,3.8866466246981703,-7.597222293563473,-2.6589421442126375,-2.7871549929260504,-2.545102460106708,SCD_GSE101657_Control_SCD_2_Flux,SCD,GSE101657
-0.5440336200707574,-15.841982173488876,2.9991970215458053,-13.410803802386159,-2.4393107999786525,-4.0190573164924475,12.246872916365945,-8.39767004748476,-1.1001068188660634,-10.046259188075863,2.115668474866594,-0.3404037399363893,4.989050515967713,6.232866384329728,-0.5228234840697807,2.784260313449498,-3.914291741305744,7.005659828395808,10.031723246643173,-1.893634774844968,SCD_GSE101657_Control_SCD_3_Flux,SCD,GSE101657
-2.981404152386269,-2.361812934842457,-2.198982852089925,1.5124070037560375,1.30288083554719,0.7106254817790448,3.492377665160688,-1.385751643420541,-0.3165916098332878,0.18109778031975698,-0.8209767775328736,4.082367408223084,-0.9930732441658742,-3.2796755553535824,-12.82561238134955,-3.0738820846492008,-7.695705625227829,-0.024486666339229825,0.25495728609839147,6.271419464217565,SCD_GSE101657_Control_SCD_4_Flux,SCD,GSE101657
1.8566855989784476,8.596557596098574,-2.0441424266804034,-5.185012270537691,-3.433515973109006,2.7830460787820015,-1.4150698775468173,-1.4327204814075054,-0.5855696708309834,1.7494343719774366,8.1945548473572,-3.552965870815027,-1.2501964280702818,0.28764267379718084,1.086408274921092,-0.06336351219042924,-5.598792800939006,4.157031548385611,-4.633040953715113,-1.3605894461514116,SCD_GSE159090_GSM4819135_SCD_Male_Flux,SCD,GSE159090
5.797547411460867,4.852404776249987,-2.8270765489502265,-3.543665378618883,-0.21717449441623704,4.142433157384196,-6.5093464240784,-10.957480845325584,-1.3892592755143693,-1.1721514047552999,-1.8000353600187486,-13.486483468338742,-4.679064656345506,-10.497734611134867,0.3000286006962941,-8.1382624463824,8.988848897371778,-1.4766291823664492,-3.525281418681104,0.7326803752688391,SCD_GSE159090_GSM4819136_SCD_Male_Flux,SCD,GSE159090
1.0055320687621903,-2.7243741560728685,0.23125185356982486,-4.174799531624773,-1.4648959071669754,-1.8841830241589272,-4.902692094881756,-4.674033632692173,0.156858069903546,-0.007501073323929181,0.783371892462927,-3.6133562860920905,-3.780846085279844,-8.494030656130555,-1.5128107789345442,-3.871478365198229,7.288862632437412,-0.07208116089686276,-0.9423503114186138,3.6555185189485924,SCD_GSE159090_GSM4819149_SCD_Male_Flux,SCD,GSE159090
3.6198346468432603,-13.548993561560607,5.402109029628638,-11.246754009488914,-14.302098516166511,-10.073913050100389,-7.850630437048511,2.2057831144840736,6.658631869845189,1.1732920836771192,7.705526069796041,3.3711858852460477,14.111098994934475,-2.620971641233013,4.739701352889977,4.2147748600652974,-3.248827319739107,-3.9961000261271424,1.1927714284507822,-4.536193368066764,SCD_GSE159090_GSM4819150_SCD_Male_Flux,SCD,GSE159090
3.699697760879917,-1.2526508601201403,-0.7665732520761394,-7.54535143093343,1.5618195845363465,0.1928082476874509,0.3075592135569107,-4.699136318090519,-1.0043162601046394,-1.2276637001359698,-3.003029339981558,1.849690476955688,-1.0047952059358554,11.68853048001962,0.04282217673514388,-1.6673539798737909,-1.7732450525435959,8.763612809083668,-1.2546118403665547,2.2070211922396785,SCD_GSE159090_GSM4819161_SCD_Male_Flux,SCD,GSE159090
0.1988333696921959,3.5910796250906447,0.699486664924272,-4.077957623739585,-0.658424773154958,0.7516466048326551,1.1298281615750423,0.6313493852151114,-1.0764158320813022,-0.8329105846622582,4.201565151754835,-0.5979823746586361,-4.297695141554746,1.4046353942776275,-0.44808114315555625,1.1473705337282665,-2.071310183374239,4.9891004827877286,-4.315488520247108,-1.9196985793660184,SCD_GSE159090_GSM4819166_SCD_Male_Flux,SCD,GSE159090
3.019295301170807,4.620618692413274,-0.15312367232596966,-2.1554272798633924,-2.250687916580277,0.9135922877321687,-2.362866532247795,-3.768199331596825,-0.12385880631271189,1.8870567674198666,-0.5718195670306623,-2.918834880709823,-0.83130832173386,1.4501204758368609,-0.8665281645253397,-0.20801327278991558,-1.5279866360908387,4.285545731872077,-3.8574708218707565,1.3113814947729017,SCD_GSE159090_GSM4819171_SCD_Male_Flux,SCD,GSE159090
1.7443881970146835,-0.8579311704787537,1.2116797263888472,-6.270323531963367,-7.246495606867408,-2.1767949977030523,-3.145921009932885,-6.803468926621733,-3.8807868185595744,4.983296676852198,-1.141006509183844,3.6592566920679466,-0.6700472733807962,5.115063719709128,-0.018801704876726985,0.8763654859611211,4.860893257049487,-5.752603012475422,4.34714838100384,1.4390421054013947,SCD_GSE159090_GSM4819179_SCD_Male_Flux,SCD,GSE159090
3.999413748102604,4.537608292402451,-2.127403415882354,-5.518379429221863,-5.431350160686894,0.5447784263957911,-0.7926935639041062,-3.7108400126780325,0.7346040837322989,1.7997967126570606,-2.7466791619527635,-0.8110691690189957,-6.23749289642525,-1.2229416312938612,-4.137784848593474,3.4262947230589633,5.928683209147402,-0.3343613814743796,0.3811309882902872,1.6469320642147043,SCD_GSE159090_GSM4819186_SCD_Male_Flux,SCD,GSE159090
2.0326079726063813,1.4653289014218256,-2.4565375831124485,-4.4616318867660665,-0.3209289709131632,-0.96613419404591,-6.579461846644568,-5.103076892674829,2.09475116014609,-2.710474839531822,2.900548180251379,-4.907886765934348,-0.48920133153600914,1.0840303759807222,-2.822544139894448,-2.4913743225327822,3.0826872313209743,6.212821271549823,-2.7827374965010727,7.158401294171946,SCD_GSE159090_GSM4819194_SCD_Male_Flux,SCD,GSE159090
-0.9881530592726052,-3.9717703050154336,1.9001281809984192,-5.691404543718218,3.4040402448027898,2.8010467570534225,3.6108973380262483,-2.9284366639831334,1.1767309794542158,0.09407339961475258,-2.7863037379397153,4.333184410185323,-8.365223319382311,0.5735074137523654,-3.3657020256457475,10.577453004695956,-2.8820524004608066,-2.35238488251042,-8.569610723468479,9.501632186332863,SCD_GSE159090_GSM4819199_SCD_Male_Flux,SCD,GSE159090
2.378272955156428,-7.434146472931432,2.4581755795360785,-12.866113465315161,-2.2289828565604863,-2.2001890422627204,3.4563081419299797,-8.43805765226628,-2.755951150885901,-0.01804560706162787,-2.9520759641450054,8.357989474635596,0.04117218308531734,-2.8540871358868776,-1.1889757319326866,-5.213263934054276,5.720308460674819,-3.9632210179252203,6.081701647108047,-1.8523476597092674,SCD_GSE159090_GSM4819200_SCD_Male_Flux,SCD,GSE159090
0.633665721851894,-20.114060034540984,-0.18772667505855498,1.1240599115263772,1.4985254129233772,0.5704152129003335,-2.7690617337277454,-1.5788180100843618,-12.257702197783308,7.661028906870256,3.5816635616562555,3.237483222586521,9.702488755038079,2.9761317054255936,-6.939193218972031,0.9470489839951964,10.459146460724972,0.2764600964735951,-10.368867239138215,-4.591962492543079,SCD_GSE160646_GSM4876390_SCD_1w_Flux,SCD,GSE160646
-0.6769720249854714,-7.523063591867594,0.288430677376072,-2.397940706597337,-0.5035711110918424,-3.716341967912844,-5.818752063576352,-1.431071197531615,2.094832230838377,-1.5326635163737072,4.570098297371478,5.877504493642875,-2.288250331548165,5.604068438444407,-2.818845082959937,-3.070648581724591,4.604602844205275,-2.906877215767338,1.378977954731012,-0.31415523140502766,SCD_GSE160646_GSM4876394_SCD_1w_Flux,SCD,GSE160646
-0.6087411289717363,-10.001910229676596,-2.566464938056979,5.934441623471124,-4.341720042143763,15.211133451872922,-2.02122531133036,-7.116558429294761,-4.984020789498417,4.318624059326117,-3.8214086967271137,-0.48590457811091275,-5.440524480811454,-0.6713149282902404,3.067097080673565,2.867948674540356,-11.222737005145875,3.478249640715027,-0.19824499459720013,-0.8871100231776098,SCD_GSE160646_GSM4876401_SCD_1w_Flux,SCD,GSE160646
-1.2616592820084875,-14.992360390618995,-3.4715918600564075,1.295659965707062,6.511777387223356,-1.4573671525293705,1.375028370307755,4.660003770735194,9.621509935105447,-3.4354503564548193,1.1264210271084425,8.019052464243655,0.0022806328883040326,3.4025201060139474,-4.601369703856911,0.7033670519655157,8.174347419814572,-1.292916276859884,-3.0521252515101245,2.309040199319501,SCD_GSE160646_GSM4876404_SCD_1w_Flux,SCD,GSE160646
3.0187866732786524,-2.8799203875508472,-7.670468960503709,-2.546603416713705,-2.8559430011069846,-2.711007621818436,-16.38710987838522,-2.0028536574147204,11.25378402312551,-2.975049086790952,0.9970979894138918,-1.896684675538417,0.287611598727331,3.5751293786394527,0.7670635453832705,-5.0353597524442595,-13.423807835056405,-9.308432766371922,2.984280651658758,5.648528427848048,SCD_GSE160646_GSM4876405_SCD_1w_Flux,SCD,GSE160646
1.4219883953602208,-15.378549614663648,-9.992296208276194,11.978345985900974,11.33811075602685,-0.37409225010961944,-10.410911367507925,-9.059603527431657,-3.442062699690463,-1.295636561567456,11.27834512847755,-13.115326246332685,-0.9432233812388447,-5.650583386538282,-3.8242169826721923,3.104537592398246,0.11161276431901437,3.488784585693077,12.672192793574071,-4.126549813077139,SCD_GSE160646_GSM4876407_SCD_1w_Flux,SCD,GSE160646
0.365379401479064,-17.750180865042083,-1.2526931509111927,3.953755904245447,-9.877553940353144,19.20238059455985,0.9514885017909854,-2.80269965335957,-2.7680382897529388,7.190241292839994,-6.698818771709318,5.078582295529699,3.513648278049115,-0.4770839725307084,7.099570700376892,0.5587421997658857,-3.8381331832707737,5.5551876948237,-5.3358728252557635,3.776871884470006,SCD_GSE160646_GSM4876408_SCD_1w_Flux,SCD,GSE160646
16.44670886516372,-2.028429698886356,-3.7694514148212117,-3.2065682016482704,-0.7554993094382951,-0.7285923256464546,3.347574656011805,1.7013338634856856,3.662733376745214,-2.989056550907871,1.3472521209507586,-1.5749451212927124,-0.53057478925585,-0.6440075037032277,2.4954718153954314,3.230236815194353,-0.5296371844056116,-1.8722373612086662,-0.662385876013002,-2.1406318842886836,SCD_GSE188344_NCD_1_Flux,SCD,GSE188344
21.11744052964695,-2.933590061209099,-2.4344618413196626,-1.437073871040208,2.7622149270367173,1.1053107665038786,-0.43556208425753457,4.7280580856021786,-3.7678275343404377,-5.487318538875152,4.580137415035025,-1.5204891778011358,-2.9085206459362793,-3.466058084742509,2.0197020975806903,-1.0040545059141055,1.394462471527549,-3.1357505060112505,-4.579267409078317,0.3684040778604105,SCD_GSE188344_NCD_2_Flux,SCD,GSE188344
19.866910251414478,-2.8039760151878537,-3.192963018293915,-0.31295365791288954,-1.0411907737110093,1.7366321088702938,4.232289092957165,-1.3148585304509368,-3.2205093262464533,5.267091309770933,-0.5613876647761732,0.9245150826463322,0.8414425439606334,0.21951364656239647,0.6798631816529425,-1.9251105852684016,-0.7431478697279958,0.1683894876751601,-1.912066113399595,-0.5008164988775777,SCD_GSE188344_NCD_3_Flux,SCD,GSE188344
17.19087097887443,0.7398154275891647,-3.4349577933455686,2.483896828650535,-2.3271707486031983,-3.982382544387832,-0.9676345094159448,-6.148784248171225,0.27488339356099123,-2.911972651173747,-7.921504640813186,0.9898794868449438,1.1469092389690343,4.4136033112706485,-4.940949558118166,-3.099317735592566,-3.45184254119335,-2.6097759144300463,4.070961727360547,1.2470336572986027,SCD_GSE188344_NCD_4_Flux,SCD,GSE188344
-3.0887919028621242,-1.8629918665345584,-1.0953079841925917,-2.119554158202779,0.17703569055278456,2.1687398802797264,1.7182445982940224,-0.19644260941290978,-3.113623406769127,1.2631445453908114,2.3794345848085503,-0.5410565062784954,0.07269139850610484,-0.4902916752655974,1.0847210123108737,-0.5191021775040565,0.7779224228329917,-0.9115621353489184,-0.8327259510035622,-1.3876877861083945,SCD_GSE246221_Batch9_SCD_only32w_1_Flux,SCD,GSE246221
16.733600293697137,1.2413945203575374,-6.404869084872946,5.821067308342056,-4.312639394034063,-7.073112387010417,0.8269052776237464,-2.9405379785297545,-2.5402143775577457,-5.794871057436135,-1.8312182767435796,0.905174267248156,3.719829066349268,1.9721541261524302,-3.087089038179035,-6.1121681120047455,-5.452880566874278,-0.27380517589747566,-3.5763864779617003,5.497310509316165,SCD_GSE246221_Batch9_SCD_only32w_2_Flux,SCD,GSE246221
25.202461833918505,-3.7134385739783347,-0.011613322625565305,2.079714391162037,1.0726270220284329,-0.9889013597206776,5.521932582096612,-5.4646516158838745,-2.250963334673336,4.64569856322995,0.6973243821956422,0.300271287601789,0.548917438439455,-7.077270752817805,-0.8533033721563813,2.7153945443024674,1.6352084724889362,1.3303815538664918,6.318808505262989,-1.0467513392472119,SCD_GSE246221_Batch9_SCD_only32w_3_Flux,SCD,GSE246221
16.63656525539418,-4.089555412678231,-1.4129652159439323,-5.23284916584007,0.4639939399826337,1.567136430886694,-0.07038670195236253,1.111453742528709,1.9473614464048399,-0.2406837136522468,-4.633577358385822,0.33765688486919954,-1.6673766268010146,2.453226647483942,0.6483671336169664,3.5921486301267365,-2.3238522186409045,-4.557339394680945,1.4984351314890576,1.1219144061257085,SCD_GSE246221_Batch9_SCD_only32w_4_Flux,SCD,GSE246221
16.39159585169509,2.2930508415388817,-9.855760077637282,10.67204698313265,-4.797610867522497,-4.454074806078689,3.053746655857164,-5.975460573959855,8.42025359745747,11.264964142606747,2.3957106449129864,3.132393495101331,-3.1237094374557923,2.5701524121937176,1.5169901890537663,10.997123910935654,5.957124349247974,2.05597068049522,5.876328588326136,2.8319509269085357,SCD_GSE248297_LFD_1_Flux,SCD,GSE248297
10.305337478421388,-3.7566391574755253,-1.7290380239572236,-5.175797474255845,-0.32707744332454136,-0.6797820199779193,-3.536225380367625,1.2649576994407923,1.7305657936780758,1.560685185233553,4.469437517400188,0.7542744967910044,0.08371480360392573,1.2662443187951697,-1.1988724603895728,-6.027007854125346,-1.7464737412323585,0.457987000906834,-5.376451344866528,-3.259806453545615,SCD_GSE248297_LFD_2_Flux,SCD,GSE248297
14.595880437654046,-2.1095028575217056,3.5755701153166815,-14.492383300690108,12.904058390146856,13.159826742775754,-8.590419230112659,10.980640528456805,0.07090657647636894,2.617419652879277,-6.334395528993828,-1.1354754276502674,-8.213025713323644,6.651936573282342,6.028928991131478,6.103280243691684,5.536040067078417,-2.4788906697905344,6.80012230130687,1.8837268759576788,SCD_GSE248297_LFD_3_Flux,SCD,GSE248297
22.44195427146177,7.141444133683843,-11.98726343889317,11.708443975631527,-5.982316807486286,-7.726818376225833,6.4143382097507455,-0.15872467193601125,-2.046127786576319,2.660091578816259,7.091538710273606,1.214718803987742,-6.690399819134892,3.8468326181296213,1.0185795407470324,3.327488203676099,2.8544102596145664,-4.245961580624594,-3.5972691361518865,0.5534692871149728,SCD_GSE248297_LFD_4_Flux,SCD,GSE248297
23.925215606069095,-4.62571957304988,0.16262878910296563,-10.515930341957702,5.751400863819964,2.6767236076152763,-4.54622177766082,6.3642680579592215,5.0516750132871575,-3.4720193638758614,-1.4622859573535198,-2.3695084688139354,2.0398126190542514,-8.952953901845126,-3.2109972217831366,1.559400647439577,-3.6884957965229757,9.708213918377732,-5.4054182812275515,-1.1705320112914606,SCD_GSE248297_LFD_5_Flux,SCD,GSE248297
-0.4159674597041707,0.16718525795203915,-6.047079155383619,8.50795466322203,6.33890052263621,-4.744420458200436,-5.324087421196886,0.5742597027635427,-6.449283734390098,1.3256806691055536,3.164522030193058,-0.06246124987587923,-0.19406882794582753,1.152383081300064,10.388162171897253,-1.7719480914861903,4.1087453843642345,-1.2217934032271391,-1.4088859968498937,1.419549794920117,HFD_GSE101657_HFD_0_Flux,HFD,GSE101657
-3.1880753086411526,2.2478587943306305,-2.45101361802768,1.6269779901763446,1.8906023475515326,-2.6155884525754636,-2.685540885155216,1.3448747108995323,-0.4344999116440933,-1.5408460658713232,-0.7822028177546341,2.0090411665834864,-2.760933457966488,-0.36199423471515735,2.5264279124771853,-0.8668972638263065,-0.6361983911600599,-0.9778761366917114,-4.043653566130296,-3.517030113578516,HFD_GSE101657_HFD_1_Flux,HFD,GSE101657
1.1675008713359376,5.502219702243362,0.7410766545890722,-3.865441145109784,-7.751591853754838,-4.90100702369989,-5.206271785699182,1.1909882668483482,9.19983294557281,4.80611275184371,-1.0728602663498097,-4.314389423132998,11.786763069270807,-4.763053699267092,9.689651622913031,7.452835352650875,-0.9618998723942631,4.869518964015434,2.580111571930718,1.7736880678013587,HFD_GSE101657_HFD_2_Flux,HFD,GSE101657
2.7537291804989272,5.414644601671318,-4.556174580109674,0.2761407304276148,2.398253163893166,0.03992485738016492,-1.5077753408672785,1.0331056093384865,-4.978359672810332,2.3260231724595646,-3.0052929527236287,4.931419548653255,1.2469898365349026,3.3253312159007424,4.1101050736244975,-1.3995795040901826,0.112435960265257,1.3627803444280402,0.9044460345042493,5.148862674381372,HFD_GSE101657_HFD_3_Flux,HFD,GSE101657
-2.0754043147803394,-3.505324378641355,-0.6370720931360159,3.633875556902915,-0.4305672384121681,-0.9660679933358791,-3.6170067736933578,2.345084460908041,2.1843943557312566,-0.25372100115658835,-2.1182756336460047,-0.5326961876186648,-0.9313131202972532,0.5804259939937312,2.3302199265997876,-2.029250053505705,3.124859506689295,-0.3775048266276819,-4.154686570094043,-3.531098667572641,HFD_GSE101657_HFD_4_Flux,HFD,GSE101657
-8.628894855260624,-1.3143426526740807,-0.2984375031514775,0.8472402507254717,4.077508754303513,1.6123372592580483,4.841615059529053,2.275007600348994,-0.8489338493972954,-2.3873305223573444,3.6636390063531827,-5.103125990041549,-1.4470526865093984,0.7004463673430601,1.4755697290835004,1.069139242328116,6.329190351401731,-0.4770175704693325,2.53873864804621,-1.2642945916785084,HFD_GSE101657_HFD_5_Flux,HFD,GSE101657
-2.3490710086517423,-4.294016311363689,-3.5895087161019825,2.4869862665897107,11.2743442756279,1.0663783314766437,3.9349163146578396,1.5236156974010264,3.147123174415075,-0.3363351242492885,-2.87668363332559,4.832160165808663,2.956015491400135,-2.159251524755605,-2.4935210617639854,5.424642551011543,-0.06550488784036719,-0.3070108407528134,0.3711338130003001,2.161686058846692,HFD_GSE159090_GSM4819134_HFD_Male_Flux,HFD,GSE159090
-4.118117936921137,-27.903963000909194,7.094627634262579,6.203480293883682,-5.28614104754566,-17.519835712204035,3.524182543868926,22.624604740157327,-5.047905857676611,13.238416837569826,-5.531385406652409,-6.601237624816776,-11.156240017567738,-4.400852934119673,-1.7523774327991668,-7.258358553995179,-4.48643756815404,3.9655107359461517,6.761052765104169,6.537693793394557,HFD_GSE159090_GSM4819140_HFD_Male_Flux,HFD,GSE159090
0.49932954365751303,7.178578646163685,-4.184506292254028,2.768042263259078,-2.2181505506219903,1.6614751139941453,-1.7217786706362634,0.8732418061669539,-7.858195902453158,3.3187744379859603,12.336227095352585,6.394521129995049,-4.7515153097219684,2.679527435406565,3.4997689678153128,4.469574399631162,-7.877408769754487,-0.177180520279251,-0.17334840679795427,-6.175639795438773,HFD_GSE159090_GSM4819143_HFD_Male_Flux,HFD,GSE159090
1.3436278367730843,8.171824691364193,-2.719737152726578,3.123782026248914,-4.30854724352357,2.234316162458185,-1.1424188144733325,2.5416327079210976,-1.0735610333749694,2.684378300128855,-1.5447567817997945,-0.9983373113609717,-1.1844110465596362,0.7199123157453253,-0.772972750229097,-2.8208853488815655,-2.641097371682622,0.17787136729337905,1.3138890951350137,-5.683017533080565,HFD_GSE159090_GSM4819146_HFD_Male_Flux,HFD,GSE159090
-0.29630753913230584,5.260366019945571,-3.7627347645029046,3.369518042767386,7.02457560915824,1.7421793169425168,3.5314846089352607,-0.7329905560447176,2.180581354871871,4.368573103588916,-6.22101870638333,12.981393608456269,3.6594334120317296,-10.545445757406457,-4.862340245489517,2.541576525894613,-1.8249506487531582,-4.719010360996392,4.038660913296941,-7.595145250164014,HFD_GSE159090_GSM4819157_HFD_Male_Flux,HFD,GSE159090
1.237170390816477,9.238262276203626,-4.017360071322198,-1.165157545300653,-0.16318198742591652,1.2922916571706717,-0.9777289483111421,0.018820417763962646,-2.408416085311206,2.277550877916069,-3.833751705462597,-1.726422743404976,-0.19773790994635884,-0.6069223165252887,0.8939830869989261,1.419271619469683,-1.8948957793786054,-1.019259981374446,2.193651260658001,-5.110611761921824,HFD_GSE159090_GSM4819163_HFD_Male_Flux,HFD,GSE159090
-2.6853339480861855,-4.295922553574939,-3.2970311172295967,6.771107823868284,19.414909082737122,0.2838881944730335,7.107784283849687,1.5135633751707427,7.835867851515008,-2.8910762767446605,-2.506317826197254,-3.0950298634503475,8.640336682438969,0.2897088479006815,7.348378645663152,-3.0611953193336436,-2.057757589853705,-7.627463364722868,-3.813999971816577,3.9110285927002675,HFD_GSE159090_GSM4819167_HFD_Male_Flux,HFD,GSE159090
1.2602253525669702,1.421299819786278,-10.2911699978059,5.963082716208883,-14.951471614922374,22.073335372509014,12.416831987677279,15.835768297060199,7.379510105360511,-7.43385680154398,11.600464662530152,-2.8707965894572904,4.7281499053855365,3.5642534920093647,-6.071793050935037,-4.83566883050147,4.4227721952031995,-2.3970358627839192,8.577225627642433,2.3077247816544073,HFD_GSE159090_GSM4819177_HFD_Male_Flux,HFD,GSE159090
0.43003093010881216,-3.3592849858588605,-3.871437432198173,6.18880171729902,17.242173013381407,-1.6334329402664287,4.088361578144919,-3.161497196444602,2.2000414558734427,-2.208966244615405,-4.264605823649688,-2.4347710945813796,4.878405824769098,0.06520159116459176,0.8165142470173281,2.03708362153178,-4.996090220670544,-1.5324388436359069,0.7934216528515772,2.0484090957797374,HFD_GSE159090_GSM4819184_HFD_Male_Flux,HFD,GSE159090
-0.1162797042108145,-3.6697802242257618,-3.036571300661614,1.9342523397075824,5.554720202319813,-0.6471331357112825,2.1960750802072853,-1.0638676750561706,-0.3566036070137555,-2.5384604351586013,-1.1170548323483083,1.304045851811149,2.789723585245577,7.140950178619,2.404894003673732,-0.1727265414877776,3.252622941417827,0.5867825664879515,0.411947498201127,0.6137729863882946,HFD_GSE159090_GSM4819189_HFD_Male_Flux,HFD,GSE159090
-2.2684123171683095,-0.40703916257775935,-4.6475520284090415,2.730033310867026,5.745537306351468,-1.0991984187367918,1.3451121849383447,2.195806856582686,-3.7022992168918294,-1.6303641458650322,2.3865176052510595,-2.8056605230913725,2.185351602447437,1.23591311205644,2.66394410798082,2.8935677775820596,-3.2887692668285253,3.403146641070821,-0.005013302826229185,-5.822613126097091,HFD_GSE159090_GSM4819197_HFD_Male_Flux,HFD,GSE159090
-1.395442278815445,-8.377062611559424,0.5837384963938896,0.34986137867585226,4.381656210767018,-3.3438489742913737,5.5230610074398125,2.3406784842841484,-4.338413377019753,-4.050580248036505,3.9552800677275624,-2.1767932442326456,0.3689735325886001,2.839085890361099,8.420775328852947,1.0603014530419144,-3.4017200932800304,0.4539910168819966,-0.21403447636275144,-2.9517282708813495,HFD_GSE159090_GSM4819202_HFD_Male_Flux,HFD,GSE159090
1.839067702640304,13.74164059959158,0.29753400799058705,-5.166073174910423,-1.375269702308191,-4.0765646350783635,5.312468723880186,3.6772301524506092,-0.7432826429576005,-1.1154465388367902,-4.127282846773411,-3.1108034996116243,-4.148257338128822,0.12480893251241654,0.6014624078579724,-0.39557494672160076,-0.6531727696226144,2.740453562375785,3.7736213962148564,-2.3565281783994294,HFD_GSE160646_GSM4876384_HFD_1w_Flux,HFD,GSE160646
-0.6180577934751347,8.155558368836763,1.2850336802199516,-6.482804534330565,-0.9645318416993048,-5.335120755633066,1.9028347784878368,3.3947061894523496,4.869266194275714,-0.7543055640075764,-5.609037449453947,-2.923073245548215,-3.9686545743670667,0.8965628008318111,0.4634458973620114,4.471631246363937,3.3175355238359474,1.813631437012065,1.8780267520554346,-7.4258232443077405,HFD_GSE160646_GSM4876386_HFD_1w_Flux,HFD,GSE160646
-0.11863074857260346,6.6751848933690745,-0.0627932504148062,-2.8737756843010076,1.920306442572869,-3.4098212739417524,4.1188787343691295,3.261765242877154,5.525713979709246,-1.8065215058368311,-0.5482151977165184,1.957364198783089,-4.137600081676048,-1.8899498669165917,0.905669794044335,-1.4636377218337229,-0.6116665191723893,1.954189399377561,-2.3154149719070447,-2.1027517919172145,HFD_GSE160646_GSM4876389_HFD_1w_Flux,HFD,GSE160646
-2.1651620958490407,9.649921479015264,4.632397788481557,-2.62505963539578,3.441753234964607,-1.9484870927624685,5.0039656159197925,-0.24873215031489357,4.392188055762052,-4.571789217836817,7.618102182320838,2.8542503304560154,-2.3198090971059138,-8.777780508933388,5.0357266343711995,-1.418443393150136,2.1244089273090663,0.36364981405199853,2.438251509039317,10.688115330734554,HFD_GSE160646_GSM4876393_HFD_1w_Flux,HFD,GSE160646
0.4385120644271477,10.57433305192018,-2.790054364764235,-5.568065695654679,2.8185569658449245,-2.0891507722978746,7.956704937489047,-0.5473605056283387,0.4956612998964881,3.970034497823224,-4.709619888123112,2.112334699044247,-0.3892264396247066,-6.419530763641676,-4.341264591683491,-2.44956589510026,-2.103425750936559,0.6826434363659384,1.8640266283040605,-3.1591108325732056,HFD_GSE160646_GSM4876396_HFD_1w_Flux,HFD,GSE160646
2.7141065582644868,15.329358583441143,-0.023857346808655644,-9.1643082278538,-1.0816346489596582,-3.722159957232865,10.748683380490604,6.010573075531008,-15.20437125926592,7.263026683140971,-1.9466757808165307,-14.022653480634048,15.294587157994732,3.6367788023095162,-2.1296058478871385,5.312471393487604,2.1783037280750013,-6.405896201518881,-4.020598252602707,8.102581807295367,HFD_GSE160646_GSM4876400_HFD_1w_Flux,HFD,GSE160646
0.8994430256758634,6.183282069239127,1.881651501318654,-1.2806096769046358,0.2834708257484857,-4.2663802245419875,6.113983527394903,1.1651454304289333,-3.400325626838625,-2.9309811960104946,4.555609794290213,3.6150855941551434,-3.1050129078882462,-2.3231566102230485,5.802755360859164,-2.6636614037152464,-1.7913204896944048,-2.6891412594847206,0.31000644363166185,-3.0081992023845876,HFD_GSE160646_GSM4876406_HFD_1w_Flux,HFD,GSE160646
1.3079075511246743,6.468596674430592,-1.4404349598936708,-5.213265391133828,1.452767701672021,-1.751898200259297,4.456877896812876,1.3860203469678745,3.292793555215927,-3.1279128990744693,0.5647907803937583,-0.8975081886501709,-4.098360397790264,3.6689352229398886,3.342536252104761,-1.7319425396545303,-1.312553607418481,2.9497993300030383,-0.06406261765500512,-1.753370376035384,HFD_GSE160646_GSM4876412_HFD_1w_Flux,HFD,GSE160646
-19.69209529320322,0.2786278273869854,0.5867789135636652,-1.5283519818900944,1.3084976056523627,1.096026001731237,0.6045934160668446,-0.38499221126785943,0.7997364069583557,0.7680639198830299,1.9664429908754206,-0.6971028814881026,-0.7526183580628811,-0.06057637525293716,0.5811758638769379,0.47985128931302135,1.4607028930088108,0.7904478413983165,1.670884129040923,-1.4189509921920125,HFD_GSE188344_HFD_1_Flux,HFD,GSE188344
-16.16890980794161,0.676365184650838,0.18769950976034802,-2.2137288526559797,0.5722191307397436,-0.9930004812801811,-0.824871700736931,-0.6098188775501487,-0.05410023048229269,1.941266305755966,1.1879404303531393,0.27420384029794037,-1.5430655860423859,-0.11965540579852167,1.019352680012708,2.7039594980199797,0.9804908946514778,-0.12283554680817312,0.5198942559514668,1.6565300735511987,HFD_GSE188344_HFD_2_Flux,HFD,GSE188344
-15.127070837717508,-0.9920891681490486,0.39090837344318635,-3.200388211494664,1.9102034951058784,0.6610147748357258,0.3348301297605387,0.08248267217339784,-1.1283504079756606,4.126967355844875,1.6683693595476812,-1.1045302083361406,1.7587269439920394,-0.9417322959565992,-1.1404150291930528,-1.6556295231719473,-0.8885277877761014,4.3333065554630545,0.39374022531616903,-0.1833124079797744,HFD_GSE188344_HFD_3_Flux,HFD,GSE188344
-16.998729588793175,-0.6577255092309069,0.26269106883442866,-1.2558419679140058,1.2779683098920995,1.4178424391773097,-1.3672875920182723,0.2235988119540123,2.7544833921429843,2.790377877603146,1.4552603942978746,0.8704022741952239,0.4753294093384376,-0.48913889632923796,-0.07987247971718045,1.3655087902366438,-0.2528901309918109,2.871333354933776,1.2904880030451387,1.713523891040438,HFD_GSE188344_HFD_4_Flux,HFD,GSE188344
-15.251276715455157,0.16425818837460202,-1.1139706774692963,-3.2793896781819356,0.9128026429131343,1.4531877818228347,-0.9148633182677436,1.1591932702121934,0.5267423718356292,0.4884077965445703,1.5326802754582172,-0.4869122568173556,-1.3715385859225033,0.3868660215063621,1.2271823760208462,0.5046924687345704,1.1554627555613435,0.5548221363342969,-0.8715134931584111,-0.8330265492937837,HFD_GSE246221_Batch9_HFD_only32w_1_Flux,HFD,GSE246221
-12.803610008183869,-0.8890835268638825,-0.22817554452966035,-3.4066966887137213,0.9810027621460201,1.4108059053605966,-1.477144268658438,1.2350963112955593,2.2022262066157774,1.6786903302518448,0.7928723079686767,-1.0555726109274672,-1.0637997834809072,0.052325781117522153,0.6028808271251945,1.032094140027733,0.023475003654814548,1.2902118183705862,-1.1920865218664378,-0.08177274213467955,HFD_GSE246221_Batch9_HFD_only32w_2_Flux,HFD,GSE246221
-16.371988758772652,-0.22116947041067866,-0.020093667000529232,-4.175326524361622,2.6350501479523247,2.1969459276261403,-2.5977309085408877,1.5899456082892547,2.615410269498177,0.7423168651900166,4.468317570029444,-0.813947888279211,-2.359441217959982,2.03531259091837,-0.30918761214200013,-0.6875012841080572,2.5879531720177025,3.0304201757495877,-1.1100445781933166,-2.029668192369583,HFD_GSE246221_Batch9_HFD_only32w_3_Flux,HFD,GSE246221
-1.6437273606973228,-0.8946174346334995,1.726015844798619,-4.963642920966039,3.9218708257507595,1.2408281967290737,-1.5875391071889164,3.3865038028295045,-0.862130824683854,-0.5360312491074085,2.115198789494362,-0.023480711112687385,2.811641260576351,-2.0614556276901244,-1.8833468057061318,-6.763389252259635,-4.458550765399174,0.08926551791664268,-3.7162826351441285,-0.47768910202705955,HFD_GSE248297_HFD_1_Flux,HFD,GSE248297
-10.614128416378646,1.5183878899949919,-0.6443047006240565,-0.0568463567204746,-1.764946047170678,0.12352973629578917,0.8921956252930636,-2.877009516330079,-1.360202314986763,1.1966751159405211,0.9310449415093668,-0.329833053842183,4.460593196066465,-2.745004288411143,-2.078614406524221,-1.2486139599308048,-0.11913534810075874,-0.044382271934820965,-0.010818638951829329,2.990246320837448,HFD_GSE248297_HFD_2_Flux,HFD,GSE248297
-16.75662221487043,1.3835219977245126,0.3068085198383903,0.024633299022726395,0.12633957504665358,1.0118491852876899,2.55329733813326,-2.549750733058641,-2.0908065962572335,4.955215103681693,1.664305501499828,-0.06430888354967479,3.7493180721983377,-2.341806119197928,-1.4015939729073954,-2.0620197759158536,-0.3682135666141126,0.10664331623847409,0.4081926971476322,-1.2042027542558131,HFD_GSE248297_HFD_3_Flux,HFD,GSE248297
-3.4938206696596787,-1.0411785260065725,0.7305355649841507,-3.7414593091512724,2.603402029577358,3.309097081866815,5.760061447317806,-5.932751131905333,-2.711861929082983,5.201964425602281,0.356516510835143,-2.0539589880881746,2.9685760911519457,-0.8488654378856496,-0.3671971316156484,-9.375231422319477,-3.632552216623588,-8.203843624838319,3.4846419285733816,-1.8393730398547066,HFD_GSE248297_HFD_4_Flux,HFD,GSE248297
-8.559240238194887,-0.8944802104417415,0.58666596537924,0.8173973289348809,-3.673305052920958,3.1017085068982913,-0.4717370498819954,1.0580447220085272,0.9465071155745479,-1.8907948530248218,-4.135341781795592,-2.210650195594621,0.23893024877350538,0.7872179533790633,3.722294806322826,-4.450819081141194,-1.3339950713552537,-1.6202692760523285,-0.20664039745111557,-0.49291356845879675,HFD_GSE248297_HFD_5_Flux,HFD,GSE248297
-3.2831255865220283,4.774155156094248,-6.0513967403797855,1.8715907360469086,1.130944960145504,-1.2463893368993113,-3.5430196670322798,2.1336240465631313,-0.5929040048069303,2.4421798373709773,-1.439760288125747,3.7990691181291605,-1.235396270225985,-0.03677318915664973,-0.9238419183235064,-0.20265273439261147,0.9670684133697143,0.8422077172418247,-1.7430944655990646,-0.9430549058131547,KD_GSE101657_KD_0_Flux,KD,GSE101657
-2.7067937768610593,3.9170597898023454,-4.60212685734939,2.3233229252717305,0.4286164587090291,2.6064314179920736,-3.5754185420813633,7.891929990462173,0.44661352158298795,-0.4104546409976512,-0.008927373674739681,3.546873033937202,-0.8428581591704432,-3.3798231630088624,-0.7576788616552864,-2.0056011234532134,4.0145154884361505,-1.2384392337663097,-2.980768860563425,-4.249600989406916,KD_GSE101657_KD_1_Flux,KD,GSE101657
-4.373841890696874,8.04109174864953,-5.273815749167073,3.374735110208726,0.003921802924380835,-1.6343271393271919,-5.322975486512486,1.531441208222879,0.1923487609303596,1.2678708579303275,-0.9193208687136554,1.5107197721708459,2.02422280900997,0.7980522936579848,-1.3717672245058397,-0.83307501440281,0.8796185067822002,1.5773238821128606,-0.7690333938595793,4.813821629607749,KD_GSE101657_KD_2_Flux,KD,GSE101657
-4.753152478387262,9.646798731846046,-6.3580528829429594,-1.0764621850240417,-4.3625518707653175,-4.386314456722871,-8.394530282333657,3.7754822294706027,1.1491589122373176,2.1453828612524797,-1.8837951032333817,1.6211622857624206,2.1260928352323787,-5.639980241728528,0.4635961167066441,3.8978421394611926,-1.3210243614133426,-5.818480465250089,-0.12615921819125353,1.4389334512625314,KD_GSE101657_KD_3_Flux,KD,GSE101657
-0.2111024908994799,5.930065069985798,-4.829971368147627,1.5271783511714305,-2.960158114442623,1.8886288111756135,-4.513066548650642,5.6694934312888465,-1.9421563239040078,0.7225762221515408,-0.0869071409548893,5.893137543964759,0.39295242067572633,-0.8881957584991486,-0.030345529136803367,-3.4585251058362423,-0.8988023382037658,-2.9622585444211404,-1.1884316787803924,-3.70475923612967,KD_GSE101657_KD_4_Flux,KD,GSE101657
-2.9885064073847682,-9.811690409289596,0.5792851451595606,4.338227149630579,-10.215851066774452,8.428020492093593,3.528763385491622,-4.025382544696456,3.68968670054673,-1.9942864651448193,-12.45424772254329,-7.627597208212083,-1.92543969960766,-1.406080157287822,11.512708635491016,-2.0946359493214155,3.8947256457686716,-6.68554422013333,-0.2007955936897338,-1.1094704194917218,KD_GSE101657_KD_5_Flux,KD,GSE101657
-1.0045202860755846,2.638020077530995,-5.001226985781858,3.7200147630546176,-1.938367341346382,0.23297286333325068,-4.493375922503469,4.0225616679942595,3.605454333292585,0.8915431156217054,-2.15800028093471,-0.5850142970086087,2.38492196075308,5.929885035143615,-5.539149874870356,-0.5145630834492657,2.245377379140219,4.660183114980977,-1.4480191236593534,3.1717801196656494,KD_GSE101657_KD_6_Flux,KD,GSE101657
-20.836010862259208,2.5318134064485465,-0.34285368576766617,0.4903435145760204,0.43724363127806537,-2.210147463253377,-3.3069309465287087,-1.0935254938516186,1.4246687182845006,1.4617796177942048,-0.27347570189860587,5.290106285035881,-0.35221329183708683,2.9104582457108905,-1.0157947222829207,-2.229754804496814,-1.1282725293987668,-3.5439029911627506,1.3561109663345938,4.599111239398457,KD_GSE248297_KD_1_Flux,KD,GSE248297
-15.307899083519048,-0.7460790342827202,-7.535733544115959,9.649126797833478,-10.512198866387752,-5.372589703838626,0.8438399342469928,-2.144460860650335,-6.489023615118721,-16.981646270501273,-12.80340084579778,-0.8588270486986611,0.7316734295228692,-2.840306985187964,1.9785354619148248,5.264436655159402,1.863233050423327,3.2579631887464293,-0.0029723359367108504,-0.6084974350142646,KD_GSE248297_KD_2_Flux,KD,GSE248297
-2.103756439808157,-2.628152467181118,-5.506600625791712,4.718665420174016,-6.324910095658709,-6.292017986760269,-3.5986612675045695,5.3231551961098935,-5.783735327499445,-14.778919780334087,-7.272988559957189,3.703880300623709,2.504165171916842,-3.6621797591574223,-1.8263613051573016,1.8463759566142464,2.8163861467330005,5.129256661802946,-2.7442147711005083,-2.861864657360653,KD_GSE248297_KD_3_Flux,KD,GSE248297
-8.984148421289191,-0.7158191380371725,-2.782809732001998,-1.8233624251170824,-1.3692052141342899,0.4978552972603553,-1.9591628198428475,4.332370969759665,-1.2874348817662158,-3.105148945489615,1.5178798591622535,-1.2101792121706547,1.3524101904403039,-0.9973150063835159,-0.8431490657540607,-0.09150481994039557,-0.3375391337955279,-2.6497759776256413,-1.7197230134674688,-2.7762495621068504,KD_GSE248297_KD_4_Flux,KD,GSE248297
-32.22356734579209,4.656989430454152,-1.4327414016663906,2.538132823597233,-2.102411154902648,-1.911211558685927,-0.12295703841367643,-4.642907606927273,3.102868222697523,4.1478364491609225,1.1151438224577643,0.25369079849270704,-2.5172505029485355,2.0889246517832984,1.7822663385564896,5.303742207616925,1.1361434381360058,-1.004778911663425,1.7572793660173223,3.1384188748025896,KD_GSE248297_KD_5_Flux,KD,GSE248297
2.043320058954072,-1.16710870890854,8.665930704184426,4.178440919222811,0.33627522911538027,-0.5398516412933709,1.0674710771707003,-0.5701117549616406,3.716739635184513,0.10642626678390586,-2.325666902395027,0.0988157988894488,-0.13680833417913926,-1.0850333054952084,-1.8149544607629113,0.2354850573394345,0.18482626967810767,-1.1793886582370698,-2.218743935191668,-4.4092446091204485,WD_GSE159090_GSM4819145_WD_Male_Flux,WD,GSE159090
-0.5310651323454433,-6.350339687803708,15.730465456041053,5.628150315020415,-1.08068226287407,-2.4517084749504607,-0.6648363988015765,-3.704245074146984,3.797111696460413,-0.022783309898772853,2.1892136352227207,-5.708678067826307,-1.1255214891384808,4.473961299950592,-4.558375284509319,3.073791606039303,-1.5645649060159592,-7.980919042429439,-4.325784062419535,-4.8039200903047945,WD_GSE159090_GSM4819155_WD_Male_Flux,WD,GSE159090
2.51960926252905,8.217016815674727,8.214271548600584,5.575846659489175,3.0244193338219345,-4.205146917433206,-0.38747575047190114,-2.252929267626789,1.6780478628421194,1.5265379631030624,-2.682215534869619,-0.6249620064725689,0.34020631015103486,10.705547259536973,2.831721188363234,-5.236337257337454,0.2816497839795532,9.075757527492096,0.460383684980132,-2.0972553204769366,WD_GSE159090_GSM4819156_WD_Male_Flux,WD,GSE159090
5.969418881137714,3.5792979677672996,15.643722399238953,5.723581807153049,-1.0643249119897646,1.7852942800192089,1.4744713953788902,-1.85688568213434,7.596129594491429,3.954512358264711,-4.498734440728621,-0.9467650377446543,0.24651525200090746,-0.3703618566030815,-0.5286145219335007,-5.890704033526226,2.443624261238634,-3.373526339031095,-0.06979652465664944,-6.84530832036448,WD_GSE159090_GSM4819158_WD_Male_Flux,WD,GSE159090
1.9853101954838182,0.7060275058825681,6.086342224790335,5.384650165959702,1.7152024542456963,0.2022580054521557,-1.5108418034661908,-1.2103883811127474,1.7194680280965864,0.2564336537970646,-0.5329547245328976,-0.7717081997621861,1.289652903294907,3.6301791645935273,-1.5459038167327828,-2.530729634679186,2.684472436623825,2.0427305909127846,-2.141915341457545,-1.3437563580465766,WD_GSE159090_GSM4819164_WD_Male_Flux,WD,GSE159090
1.1357212173283602,4.748922500150871,15.040817700408853,9.574742125095646,-3.269777011915605,0.03465135325382445,-0.36862158846987847,0.6231515202852064,8.584963137860024,0.18799874600566008,-1.5802944867521047,-10.142969119018582,-0.6802150385139498,6.184495359794206,-12.403948348192959,8.902295526353598,-2.7983729009898695,-3.389922835561271,-4.055739508008152,-2.361893564964245,WD_GSE159090_GSM4819173_WD_Male_Flux,WD,GSE159090
5.784326862014772,6.960386043159029,16.384895860009706,2.073983701937722,4.510092718680729,7.002477115828535,-15.627037777179396,8.35487762211951,-15.5261739964159,-8.180283720582404,-2.6224398352659395,2.238415773671659,2.765910301135374,2.593703512463584,-3.9167064652158996,5.7572251277192015,-0.9345125703166746,-5.152891458244716,9.470185618253874,0.8125186347818311,WD_GSE159090_GSM4819174_WD_Male_Flux,WD,GSE159090
6.505486151317834,10.040497006632059,16.969256291525838,7.023888103127367,-2.897959693004114,4.486260303624086,-1.5615514947744464,-1.897510423792952,-4.944959690269154,-4.23886585174679,6.433539742693929,5.451826545779711,0.210481788843446,-7.551806499583264,0.7128677212871465,0.23778551366489534,-0.027020030816423152,2.2763294101882443,2.6309881355966094,10.107834699675765,WD_GSE159090_GSM4819181_WD_Male_Flux,WD,GSE159090
2.418462731709283,-7.709681760083133,19.891207200190806,3.691898108089085,-3.4373610579821894,-4.328701155856773,4.025056437469993,-2.7954235524485656,-3.6762446128666744,-6.233226972296176,6.44495107133855,5.677476604862763,-5.445046725832265,-1.1288481837662603,8.317027929095156,1.682207145295083,1.0158844433311183,-4.5723495056596315,-3.846478940221379,3.257102678579252,WD_GSE159090_GSM4819183_WD_Male_Flux,WD,GSE159090
5.415966077192119,9.58571643748112,7.059673007315575,4.738991244601425,1.8288950832128514,0.7633306312803602,-0.6887342365503154,-0.6708976666350482,-0.5005095013118712,4.775422250057628,-3.7180332437004204,5.97135545572674,4.6674964569547726,3.991635427457222,-0.2773692924631361,-8.68572750770254,3.2314470322279654,7.390972340492179,5.717622971755316,-0.7441408527279895,WD_GSE159090_GSM4819192_WD_Male_Flux,WD,GSE159090
4.211643444521238,10.477180513592431,10.011646829761563,5.662809483150063,0.6279056306046333,0.12890451314953918,0.7892771161237392,-4.033343479143769,0.27306611022854177,-2.260222167471832,3.6193077102302618,-1.1170097257965652,-0.4500184045468103,5.1672230347876065,2.1413439232573395,-7.002256371159547,-0.70853968289989,0.8516218507022822,1.0425999904696959,0.4671973078009189,WD_GSE159090_GSM4819196_WD_Male_Flux,WD,GSE159090
4.365153068568451,2.447517496325637,16.041320781585057,8.156321507968135,1.422877145069446,4.04940284681425,0.44697855006352605,1.394530085155593,6.113002923363738,1.1714962186995437,1.191229042231689,2.0229775086533204,7.055153016333487,-9.002509499441173,0.425596845647389,4.122137275134767,1.2744550618175265,8.576462289033149,-0.7395650098221735,0.6893718488117998,WD_GSE159090_GSM4819201_WD_Male_Flux,WD,GSE159090
