PC,Variance,Cumulative_Variance
PC1,0.09575237510124794,0.09575237510124794
PC2,0.055345019232983135,0.15109739433423108
PC3,0.037117651309707775,0.18821504564393887
PC4,0.030631000729677237,0.2188460463736161
PC5,0.028609703237178933,0.24745574961079503
PC6,0.026043855134693344,0.2734996047454884
PC7,0.024665244561208492,0.2981648493066969
PC8,0.023524415746199553,0.32168926505289647
PC9,0.02206443702711931,0.34375370208001577
PC10,0.0200369561446778,0.3637906582246936
PC11,0.019869635465005888,0.38366029368969945
PC12,0.01878923815649169,0.40244953184619114
PC13,0.01842558700952936,0.4208751188557205
PC14,0.017879183446983967,0.43875430230270446
PC15,0.017014127837029956,0.4557684301397344
PC16,0.01631049860309228,0.4720789287428267
PC17,0.01588983177572488,0.4879687605185516
PC18,0.015588790221615365,0.503557550740167
PC19,0.01488055621904729,0.5184381069592142
PC20,0.014274218109791173,0.5327123250690053
