ReactionID,ReactionName,Subsystem,MetaboliteID,MetaboliteName,Coefficient,Diff(HFD-SCD),Ratio(HFD/SCD)
EX_ala__L_e,L-Alanine exchange,Extracellular exchange,ala__L_e,L-Alanine,-1.0,-0.2723677284952558,0.7725456673708765
EX_asp__L_e,L-Aspartate exchange,Extracellular exchange,asp__L_e,L-Aspartate,-1.0,-0.2679533286560499,267953328656.04996
EX_2mcit_e,2-Methylcitrate exchange,Extracellular exchange,2mcit_e,2-Methylcitrate,-1.0,-0.2298455654477815,0.2068234189872919
EX_acac_e,Acetoacetate exchange,Extracellular exchange,acac_e,Acetoacetate,-1.0,-0.2107951780057239,51.62840323717332
EX_co2_e,CO2 exchange,Extracellular exchange,co2_e,CO2 CO2,-1.0,-1.1251387144959382,0.6750846662634934
EX_h_e,H+ exchange,Extracellular exchange,h_e,H+,-1.0,-0.3977216218783513,0.6534926146273333
EX_hco3_e,EX hco3 LPAREN e RPAREN ,Extracellular exchange,hco3_e,Bicarbonate,-1.0,0.3731108145557505,0.6113096412788157
EX_ttdca_e,Tetradecanoate (n-C14:0) exchange,Extracellular exchange,ttdca_e,Tetradecanoate (n-C14:0),-1.0,-0.4245806843136737,424580684313.67377
EX_tyr__L_e,L-Tyrosine exchange,Extracellular exchange,tyr__L_e,L-Tyrosine,-1.0,0.3697731095840616,0.0308029314230024
EX_thr__L_e,L-Threonine exchange,Extracellular exchange,thr__L_e,L-Threonine,-1.0,0.2049412182232113,0.4838870593397184
EX_whttdca_e,Omega hydroxy tetradecanoate (n-C14:0) exchange,Extracellular exchange,whttdca_e,Omega hydroxy tetradecanoate (n-C14:0),-1.0,0.3245806843136737,324580684313.6737
2HCO3_NAt,Bicarbonate transport (Na/HCO3 1:2 cotransport),"Transport, Extracellular",hco3_c,Bicarbonate,2.0,-0.2472115139567188,0.6057964266478967
2HCO3_NAt,Bicarbonate transport (Na/HCO3 1:2 cotransport),"Transport, Extracellular",hco3_e,Bicarbonate,-2.0,-0.2472115139567188,0.6057964266478967
2HCO3_NAt,Bicarbonate transport (Na/HCO3 1:2 cotransport),"Transport, Extracellular",na1_c,Sodium,1.0,-0.2472115139567188,0.6057964266478967
2HCO3_NAt,Bicarbonate transport (Na/HCO3 1:2 cotransport),"Transport, Extracellular",na1_e,Sodium,-1.0,-0.2472115139567188,0.6057964266478967
2MCITt,2-methylcitrate transport via diffusion,"Transport, Extracellular",2mcit_c,2-Methylcitrate,-1.0,-0.2298455654477815,0.2068234189872919
2MCITt,2-methylcitrate transport via diffusion,"Transport, Extracellular",2mcit_e,2-Methylcitrate,1.0,-0.2298455654477815,0.2068234189872919
34HPPOR,4 Hydroxyphenylpyruvateoxygen oxidoreductase,Tyrosine metabolism,34hpp_c,3-(4-Hydroxyphenyl)pyruvate,-1.0,-0.2926327320270602,0.0
34HPPOR,4 Hydroxyphenylpyruvateoxygen oxidoreductase,Tyrosine metabolism,co2_c,CO2 CO2,1.0,-0.2926327320270602,0.0
34HPPOR,4 Hydroxyphenylpyruvateoxygen oxidoreductase,Tyrosine metabolism,hgentis_c,Homogentisate C8H7O4,1.0,-0.2926327320270602,0.0
34HPPOR,4 Hydroxyphenylpyruvateoxygen oxidoreductase,Tyrosine metabolism,o2_c,O2 O2,-1.0,-0.2926327320270602,0.0
2AMACHYD,2-Aminoacrylate hydrolysis,"Glycine, Serine, and Threonine Metabolism",2amac_c,2-Aminoacrylate,-1.0,-0.2578502011524118,0.0
2AMACHYD,2-Aminoacrylate hydrolysis,"Glycine, Serine, and Threonine Metabolism",h2o_c,H2O H2O,-1.0,-0.2578502011524118,0.0
2AMACHYD,2-Aminoacrylate hydrolysis,"Glycine, Serine, and Threonine Metabolism",nh4_c,Ammonium,1.0,-0.2578502011524118,0.0
2AMACHYD,2-Aminoacrylate hydrolysis,"Glycine, Serine, and Threonine Metabolism",pyr_c,Pyruvate,1.0,-0.2578502011524118,0.0
ACACt2,Acetoacetate transport via proton symport,"Transport, Extracellular",acac_c,Acetoacetate,1.0,0.2107951780057239,51.62840323717332
ACACt2,Acetoacetate transport via proton symport,"Transport, Extracellular",acac_e,Acetoacetate,-1.0,0.2107951780057239,51.62840323717332
ACACt2,Acetoacetate transport via proton symport,"Transport, Extracellular",h_c,H+,1.0,0.2107951780057239,51.62840323717332
ACACt2,Acetoacetate transport via proton symport,"Transport, Extracellular",h_e,H+,-1.0,0.2107951780057239,51.62840323717332
EX_nh4_e,Ammonia exchange,Extracellular exchange,nh4_e,Ammonium,-1.0,-0.5409018265602559,0.4956616169695232
EX_o2_e,O2 exchange,Extracellular exchange,o2_e,O2 O2,-1.0,1.3416520565778312,0.7074094210656056
ARTFR41,R group artificial flux,R Group Synthesis,R4coa_hs_c,R group 4 Coenzyme A homo sapiens,1.0,-0.9736941376995284,0.3598240800116176
ARTFR41,R group artificial flux,R Group Synthesis,fad_m,Flavin adenine dinucleotide oxidized,1.0,-0.9736941376995284,0.3598240800116176
ARTFR41,R group artificial flux,R Group Synthesis,fadh2_m,Flavin adenine dinucleotide reduced,-1.0,-0.9736941376995284,0.3598240800116176
ARTFR41,R group artificial flux,R Group Synthesis,hdcoa_c,Hexadecenoyl-CoA (n-C16:1CoA),-1.0,-0.9736941376995284,0.3598240800116176
ARTPLM1,R group to palmitate conversion,R Group Synthesis,Rtotalcoa_c,Rtotalcoa c,-1.0,-0.7711933034249443,0.5225365094894603
ARTPLM1,R group to palmitate conversion,R Group Synthesis,pmtcoa_c,Palmitoyl-CoA (n-C16:0CoA),1.0,-0.7711933034249443,0.5225365094894603
ATPtm,"ADP/ATP transporter, mitochondrial","Transport, Mitochondrial",adp_c,ADP C10H12N5O10P2,-1.0,-0.2685657810740913,0.861094899402159
ATPtm,"ADP/ATP transporter, mitochondrial","Transport, Mitochondrial",adp_m,ADP C10H12N5O10P2,1.0,-0.2685657810740913,0.861094899402159
ATPtm,"ADP/ATP transporter, mitochondrial","Transport, Mitochondrial",atp_c,ATP C10H12N5O13P3,1.0,-0.2685657810740913,0.861094899402159
ATPtm,"ADP/ATP transporter, mitochondrial","Transport, Mitochondrial",atp_m,ATP C10H12N5O13P3,-1.0,-0.2685657810740913,0.861094899402159
CO2t,CO2 transporter via diffusion,"Transport, Extracellular",co2_c,CO2 CO2,1.0,1.1251387144959382,0.6750846662634934
CO2t,CO2 transporter via diffusion,"Transport, Extracellular",co2_e,CO2 CO2,-1.0,1.1251387144959382,0.6750846662634934
CO2tm,CO2 transport  diffusion   mitochondrial,"Transport, Mitochondrial",co2_c,CO2 CO2,-1.0,0.3078124856816717,0.7611950340426697
CO2tm,CO2 transport  diffusion   mitochondrial,"Transport, Mitochondrial",co2_m,CO2 CO2,1.0,0.3078124856816717,0.7611950340426697
CYSt4,L-cysteine reversible transport via sodium symport,"Transport, Extracellular",cys__L_c,L-Cysteine,1.0,-0.4006159787489187,0.3647630801945722
CYSt4,L-cysteine reversible transport via sodium symport,"Transport, Extracellular",cys__L_e,L-Cysteine,-1.0,-0.4006159787489187,0.3647630801945722
CYSt4,L-cysteine reversible transport via sodium symport,"Transport, Extracellular",na1_c,Sodium,1.0,-0.4006159787489187,0.3647630801945722
CYSt4,L-cysteine reversible transport via sodium symport,"Transport, Extracellular",na1_e,Sodium,-1.0,-0.4006159787489187,0.3647630801945722
ASPTA,Aspartate transaminase,Alanine and Aspartate Metabolism,akg_c,2-Oxoglutarate,-1.0,0.3213341260828909,0.5468679646584538
ASPTA,Aspartate transaminase,Alanine and Aspartate Metabolism,asp__L_c,L-Aspartate,-1.0,0.3213341260828909,0.5468679646584538
ASPTA,Aspartate transaminase,Alanine and Aspartate Metabolism,glu__L_c,L-Glutamate,1.0,0.3213341260828909,0.5468679646584538
ASPTA,Aspartate transaminase,Alanine and Aspartate Metabolism,oaa_c,Oxaloacetate,1.0,0.3213341260828909,0.5468679646584538
ASPt6,"L-aspartate transport via Na, H symport and K antiport","Transport, Extracellular",asp__L_c,L-Aspartate,1.0,0.2679533286560499,267953328656.04996
ASPt6,"L-aspartate transport via Na, H symport and K antiport","Transport, Extracellular",asp__L_e,L-Aspartate,-1.0,0.2679533286560499,267953328656.04996
ASPt6,"L-aspartate transport via Na, H symport and K antiport","Transport, Extracellular",h_c,H+,1.0,0.2679533286560499,267953328656.04996
ASPt6,"L-aspartate transport via Na, H symport and K antiport","Transport, Extracellular",h_e,H+,-1.0,0.2679533286560499,267953328656.04996
ASPt6,"L-aspartate transport via Na, H symport and K antiport","Transport, Extracellular",k_c,Potassium,-1.0,0.2679533286560499,267953328656.04996
ASPt6,"L-aspartate transport via Na, H symport and K antiport","Transport, Extracellular",k_e,Potassium,1.0,0.2679533286560499,267953328656.04996
ASPt6,"L-aspartate transport via Na, H symport and K antiport","Transport, Extracellular",na1_c,Sodium,3.0,0.2679533286560499,267953328656.04996
ASPt6,"L-aspartate transport via Na, H symport and K antiport","Transport, Extracellular",na1_e,Sodium,-3.0,0.2679533286560499,267953328656.04996
DESAT16_2,Palmitoyl-CoA desaturase (n-C16:0CoA -> n-C16:1CoA),Fatty acid elongation,h2o_c,H2O H2O,2.0,-0.8136266741635951,0.4753628697243129
DESAT16_2,Palmitoyl-CoA desaturase (n-C16:0CoA -> n-C16:1CoA),Fatty acid elongation,h_c,H+,-1.0,-0.8136266741635951,0.4753628697243129
DESAT16_2,Palmitoyl-CoA desaturase (n-C16:0CoA -> n-C16:1CoA),Fatty acid elongation,hdcoa_c,Hexadecenoyl-CoA (n-C16:1CoA),1.0,-0.8136266741635951,0.4753628697243129
DESAT16_2,Palmitoyl-CoA desaturase (n-C16:0CoA -> n-C16:1CoA),Fatty acid elongation,nad_c,Nicotinamide adenine dinucleotide,1.0,-0.8136266741635951,0.4753628697243129
DESAT16_2,Palmitoyl-CoA desaturase (n-C16:0CoA -> n-C16:1CoA),Fatty acid elongation,nadh_c,Nicotinamide adenine dinucleotide - reduced,-1.0,-0.8136266741635951,0.4753628697243129
DESAT16_2,Palmitoyl-CoA desaturase (n-C16:0CoA -> n-C16:1CoA),Fatty acid elongation,o2_c,O2 O2,-1.0,-0.8136266741635951,0.4753628697243129
DESAT16_2,Palmitoyl-CoA desaturase (n-C16:0CoA -> n-C16:1CoA),Fatty acid elongation,pmtcoa_c,Palmitoyl-CoA (n-C16:0CoA),-1.0,-0.8136266741635951,0.4753628697243129
FAH2,Fatty acid omega-hydroxylase,CYP Metabolism,h2o_c,H2O H2O,1.0,0.3245806843136737,324580684313.6737
FAH2,Fatty acid omega-hydroxylase,CYP Metabolism,h_c,H+,-1.0,0.3245806843136737,324580684313.6737
FAH2,Fatty acid omega-hydroxylase,CYP Metabolism,nadp_c,Nicotinamide adenine dinucleotide phosphate,1.0,0.3245806843136737,324580684313.6737
FAH2,Fatty acid omega-hydroxylase,CYP Metabolism,nadph_c,Nicotinamide adenine dinucleotide phosphate - reduced,-1.0,0.3245806843136737,324580684313.6737
FAH2,Fatty acid omega-hydroxylase,CYP Metabolism,o2_c,O2 O2,-1.0,0.3245806843136737,324580684313.6737
FAH2,Fatty acid omega-hydroxylase,CYP Metabolism,ttdca_c,Tetradecanoate (n-C14:0),-1.0,0.3245806843136737,324580684313.6737
FAH2,Fatty acid omega-hydroxylase,CYP Metabolism,whttdca_c,Omega hydroxy tetradecanoate (n-C14:0),1.0,0.3245806843136737,324580684313.6737
FATP9t,Fatty acid electroneutral transport,"Transport, Extracellular",na1_c,Sodium,-1.0,-0.3576857890525289,0.0
FATP9t,Fatty acid electroneutral transport,"Transport, Extracellular",na1_e,Sodium,1.0,-0.3576857890525289,0.0
FATP9t,Fatty acid electroneutral transport,"Transport, Extracellular",nrvnc_c,Nervonic acid,-1.0,-0.3576857890525289,0.0
FATP9t,Fatty acid electroneutral transport,"Transport, Extracellular",nrvnc_e,Nervonic acid,1.0,-0.3576857890525289,0.0
FUMAC,Fumarylacetoacetase,Tyrosine metabolism,4fumacac_c,4 Fumarylacetoacetate C8H6O6,-1.0,-0.2926327320270602,0.0
FUMAC,Fumarylacetoacetase,Tyrosine metabolism,acac_c,Acetoacetate,1.0,-0.2926327320270602,0.0
FUMAC,Fumarylacetoacetase,Tyrosine metabolism,fum_c,Fumarate,1.0,-0.2926327320270602,0.0
FUMAC,Fumarylacetoacetase,Tyrosine metabolism,h2o_c,H2O H2O,-1.0,-0.2926327320270602,0.0
FUMAC,Fumarylacetoacetase,Tyrosine metabolism,h_c,H+,1.0,-0.2926327320270602,0.0
FUMTSULtm,"Fumarate:thiosulfate antiport, mitochondrial","Transport, Mitochondrial",fum_c,Fumarate,-1.0,-0.3336401930426539,0.0
FUMTSULtm,"Fumarate:thiosulfate antiport, mitochondrial","Transport, Mitochondrial",fum_m,Fumarate,1.0,-0.3336401930426539,0.0
FUMTSULtm,"Fumarate:thiosulfate antiport, mitochondrial","Transport, Mitochondrial",tsul_c,Thiosulfate,1.0,-0.3336401930426539,0.0
FUMTSULtm,"Fumarate:thiosulfate antiport, mitochondrial","Transport, Mitochondrial",tsul_m,Thiosulfate,-1.0,-0.3336401930426539,0.0
FUMm,Fumarase  mitochondrial,Citric Acid Cycle,fum_m,Fumarate,-1.0,-0.6534699357462476,0.553284247154023
FUMm,Fumarase  mitochondrial,Citric Acid Cycle,h2o_m,H2O H2O,-1.0,-0.6534699357462476,0.553284247154023
FUMm,Fumarase  mitochondrial,Citric Acid Cycle,mal__L_m,L-Malate,1.0,-0.6534699357462476,0.553284247154023
H2CO3D,Carboxylic acid dissociation,Miscellaneous,co2_c,CO2 CO2,-1.0,0.3731108145557505,0.6113096412788157
H2CO3D,Carboxylic acid dissociation,Miscellaneous,h2co3_c,Carbonic acid,1.0,0.3731108145557505,0.6113096412788157
H2CO3D,Carboxylic acid dissociation,Miscellaneous,h2o_c,H2O H2O,-1.0,0.3731108145557505,0.6113096412788157
H2CO3D2,Carboxylic acid dissociation,Miscellaneous,h2co3_c,Carbonic acid,1.0,-0.3731108145557505,0.6113096412788157
H2CO3D2,Carboxylic acid dissociation,Miscellaneous,h_c,H+,-1.0,-0.3731108145557505,0.6113096412788157
H2CO3D2,Carboxylic acid dissociation,Miscellaneous,hco3_c,Bicarbonate,-1.0,-0.3731108145557505,0.6113096412788157
H2O2syn,Hydrogen peroxide synthesis (NADPH dependent),Tyrosine metabolism,h2o2_c,Hydrogen peroxide,1.0,-0.2961011689435428,0.0
H2O2syn,Hydrogen peroxide synthesis (NADPH dependent),Tyrosine metabolism,h_c,H+,-1.0,-0.2961011689435428,0.0
H2O2syn,Hydrogen peroxide synthesis (NADPH dependent),Tyrosine metabolism,nadp_c,Nicotinamide adenine dinucleotide phosphate,1.0,-0.2961011689435428,0.0
H2O2syn,Hydrogen peroxide synthesis (NADPH dependent),Tyrosine metabolism,nadph_c,Nicotinamide adenine dinucleotide phosphate - reduced,-1.0,-0.2961011689435428,0.0
H2O2syn,Hydrogen peroxide synthesis (NADPH dependent),Tyrosine metabolism,o2_c,O2 O2,-1.0,-0.2961011689435428,0.0
HGNTOR,Homogentisateoxygen 1 2 oxidoreductase  decyclizing ,Tyrosine metabolism,4mlacac_c,4 Maleylacetoacetate C8H6O6,1.0,-0.2926327320270602,0.0
HGNTOR,Homogentisateoxygen 1 2 oxidoreductase  decyclizing ,Tyrosine metabolism,h_c,H+,1.0,-0.2926327320270602,0.0
HGNTOR,Homogentisateoxygen 1 2 oxidoreductase  decyclizing ,Tyrosine metabolism,hgentis_c,Homogentisate C8H7O4,-1.0,-0.2926327320270602,0.0
HGNTOR,Homogentisateoxygen 1 2 oxidoreductase  decyclizing ,Tyrosine metabolism,o2_c,O2 O2,-1.0,-0.2926327320270602,0.0
ALATA_L,L-alanine transaminase,Glutamate metabolism,akg_c,2-Oxoglutarate,-1.0,0.3047086537501049,0.8100216730145008
ALATA_L,L-alanine transaminase,Glutamate metabolism,ala__L_c,L-Alanine,-1.0,0.3047086537501049,0.8100216730145008
ALATA_L,L-alanine transaminase,Glutamate metabolism,glu__L_c,L-Glutamate,1.0,0.3047086537501049,0.8100216730145008
ALATA_L,L-alanine transaminase,Glutamate metabolism,pyr_c,Pyruvate,1.0,0.3047086537501049,0.8100216730145008
KCCt,K+-Cl- cotransport,"Transport, Extracellular",cl_c,Chloride,1.0,0.5017470525001376,0.6254902384852551
KCCt,K+-Cl- cotransport,"Transport, Extracellular",cl_e,Chloride,-1.0,0.5017470525001376,0.6254902384852551
KCCt,K+-Cl- cotransport,"Transport, Extracellular",k_c,Potassium,1.0,0.5017470525001376,0.6254902384852551
KCCt,K+-Cl- cotransport,"Transport, Extracellular",k_e,Potassium,-1.0,0.5017470525001376,0.6254902384852551
ALAtN1,"Alanine transport (Na, H coupled)","Transport, Extracellular",ala__L_c,L-Alanine,1.0,0.2435774754538039,0.1190837470441348
ALAtN1,"Alanine transport (Na, H coupled)","Transport, Extracellular",ala__L_e,L-Alanine,-1.0,0.2435774754538039,0.1190837470441348
ALAtN1,"Alanine transport (Na, H coupled)","Transport, Extracellular",h_c,H+,-1.0,0.2435774754538039,0.1190837470441348
ALAtN1,"Alanine transport (Na, H coupled)","Transport, Extracellular",h_e,H+,1.0,0.2435774754538039,0.1190837470441348
ALAtN1,"Alanine transport (Na, H coupled)","Transport, Extracellular",na1_c,Sodium,2.0,0.2435774754538039,0.1190837470441348
ALAtN1,"Alanine transport (Na, H coupled)","Transport, Extracellular",na1_e,Sodium,-2.0,0.2435774754538039,0.1190837470441348
MACACI,Maleylacetoacetate isomerase,Tyrosine metabolism,4fumacac_c,4 Fumarylacetoacetate C8H6O6,1.0,-0.2926327320270602,0.0
MACACI,Maleylacetoacetate isomerase,Tyrosine metabolism,4mlacac_c,4 Maleylacetoacetate C8H6O6,-1.0,-0.2926327320270602,0.0
MALTSULtm,"Malate:thiosulfate antiport, mitochondrial","Transport, Mitochondrial",mal__L_c,L-Malate,-1.0,0.3336401930426539,0.0
MALTSULtm,"Malate:thiosulfate antiport, mitochondrial","Transport, Mitochondrial",mal__L_m,L-Malate,1.0,0.3336401930426539,0.0
MALTSULtm,"Malate:thiosulfate antiport, mitochondrial","Transport, Mitochondrial",tsul_c,Thiosulfate,1.0,0.3336401930426539,0.0
MALTSULtm,"Malate:thiosulfate antiport, mitochondrial","Transport, Mitochondrial",tsul_m,Thiosulfate,-1.0,0.3336401930426539,0.0
MALtm,Malate transport  mitochondrial,"Transport, Mitochondrial",mal__L_c,L-Malate,-1.0,0.2331152900054334,0.7731263524162129
MALtm,Malate transport  mitochondrial,"Transport, Mitochondrial",mal__L_m,L-Malate,1.0,0.2331152900054334,0.7731263524162129
MALtm,Malate transport  mitochondrial,"Transport, Mitochondrial",pi_c,Phosphate,1.0,0.2331152900054334,0.7731263524162129
MALtm,Malate transport  mitochondrial,"Transport, Mitochondrial",pi_m,Phosphate,-1.0,0.2331152900054334,0.7731263524162129
MTHFD,Methylenetetrahydrofolate dehydrogenase (NADP),Folate Metabolism,methf_c,"5,10-Methenyltetrahydrofolate",1.0,-0.3835508951118418,0.3032720160157401
MTHFD,Methylenetetrahydrofolate dehydrogenase (NADP),Folate Metabolism,mlthf_c,"5,10-Methylenetetrahydrofolate",-1.0,-0.3835508951118418,0.3032720160157401
MTHFD,Methylenetetrahydrofolate dehydrogenase (NADP),Folate Metabolism,nadp_c,Nicotinamide adenine dinucleotide phosphate,-1.0,-0.3835508951118418,0.3032720160157401
MTHFD,Methylenetetrahydrofolate dehydrogenase (NADP),Folate Metabolism,nadph_c,Nicotinamide adenine dinucleotide phosphate - reduced,1.0,-0.3835508951118418,0.3032720160157401
MTHFD2i,Methylenetetrahydrofolate dehydrogenase  NAD ,Folate Metabolism,methf_c,"5,10-Methenyltetrahydrofolate",1.0,0.5262586308797195,0.9490602303024084
MTHFD2i,Methylenetetrahydrofolate dehydrogenase  NAD ,Folate Metabolism,mlthf_c,"5,10-Methylenetetrahydrofolate",-1.0,0.5262586308797195,0.9490602303024084
MTHFD2i,Methylenetetrahydrofolate dehydrogenase  NAD ,Folate Metabolism,nad_c,Nicotinamide adenine dinucleotide,-1.0,0.5262586308797195,0.9490602303024084
MTHFD2i,Methylenetetrahydrofolate dehydrogenase  NAD ,Folate Metabolism,nadh_c,Nicotinamide adenine dinucleotide - reduced,1.0,0.5262586308797195,0.9490602303024084
MCITS,2-methylcitrate synthase,Propanoate Metabolism,2mcit_c,2-Methylcitrate,1.0,-0.2298455654477815,0.2068234189872919
MCITS,2-methylcitrate synthase,Propanoate Metabolism,coa_c,Coenzyme A,1.0,-0.2298455654477815,0.2068234189872919
MCITS,2-methylcitrate synthase,Propanoate Metabolism,h2o_c,H2O H2O,-1.0,-0.2298455654477815,0.2068234189872919
MCITS,2-methylcitrate synthase,Propanoate Metabolism,h_c,H+,1.0,-0.2298455654477815,0.2068234189872919
MCITS,2-methylcitrate synthase,Propanoate Metabolism,oaa_c,Oxaloacetate,-1.0,-0.2298455654477815,0.2068234189872919
MCITS,2-methylcitrate synthase,Propanoate Metabolism,ppcoa_c,Propanoyl-CoA,-1.0,-0.2298455654477815,0.2068234189872919
MDH,Malate dehydrogenase,Citric Acid Cycle,h_c,H+,1.0,-0.6362667013175266,0.4847618956589423
MDH,Malate dehydrogenase,Citric Acid Cycle,mal__L_c,L-Malate,-1.0,-0.6362667013175266,0.4847618956589423
MDH,Malate dehydrogenase,Citric Acid Cycle,nad_c,Nicotinamide adenine dinucleotide,-1.0,-0.6362667013175266,0.4847618956589423
MDH,Malate dehydrogenase,Citric Acid Cycle,nadh_c,Nicotinamide adenine dinucleotide - reduced,1.0,-0.6362667013175266,0.4847618956589423
MDH,Malate dehydrogenase,Citric Acid Cycle,oaa_c,Oxaloacetate,1.0,-0.6362667013175266,0.4847618956589423
NCKt,Na+/Ca2+-K+ exchange,"Transport, Extracellular",ca2_c,Calcium,1.0,-0.3625158495106619,0.2423876367083532
NCKt,Na+/Ca2+-K+ exchange,"Transport, Extracellular",ca2_e,Calcium,-1.0,-0.3625158495106619,0.2423876367083532
NCKt,Na+/Ca2+-K+ exchange,"Transport, Extracellular",k_c,Potassium,1.0,-0.3625158495106619,0.2423876367083532
NCKt,Na+/Ca2+-K+ exchange,"Transport, Extracellular",k_e,Potassium,-1.0,-0.3625158495106619,0.2423876367083532
NCKt,Na+/Ca2+-K+ exchange,"Transport, Extracellular",na1_c,Sodium,-4.0,-0.3625158495106619,0.2423876367083532
NCKt,Na+/Ca2+-K+ exchange,"Transport, Extracellular",na1_e,Sodium,4.0,-0.3625158495106619,0.2423876367083532
NCNt,Na+/Ca2+-NH4+ exchange,"Transport, Extracellular",ca2_c,Calcium,1.0,0.4291825161773286,0.2581086466304371
NCNt,Na+/Ca2+-NH4+ exchange,"Transport, Extracellular",ca2_e,Calcium,-1.0,0.4291825161773286,0.2581086466304371
NCNt,Na+/Ca2+-NH4+ exchange,"Transport, Extracellular",na1_c,Sodium,-4.0,0.4291825161773286,0.2581086466304371
NCNt,Na+/Ca2+-NH4+ exchange,"Transport, Extracellular",na1_e,Sodium,4.0,0.4291825161773286,0.2581086466304371
NCNt,Na+/Ca2+-NH4+ exchange,"Transport, Extracellular",nh4_c,Ammonium,1.0,0.4291825161773286,0.2581086466304371
NCNt,Na+/Ca2+-NH4+ exchange,"Transport, Extracellular",nh4_e,Ammonium,-1.0,0.4291825161773286,0.2581086466304371
NRVNCt,Fatty acid transport via diffusion,"Transport, Extracellular",nrvnc_c,Nervonic acid,1.0,-0.3576857890525289,0.0
NRVNCt,Fatty acid transport via diffusion,"Transport, Extracellular",nrvnc_e,Nervonic acid,-1.0,-0.3576857890525289,0.0
O2t,O2 transport  diffusion ,"Transport, Extracellular",o2_c,O2 O2,1.0,-1.3416520565778312,0.7074094210656056
O2t,O2 transport  diffusion ,"Transport, Extracellular",o2_e,O2 O2,-1.0,-1.3416520565778312,0.7074094210656056
OBDHc,"2-Oxobutanoate dehydrogenase, cytosolic","Glycine, Serine, and Threonine Metabolism",2obut_c,2-Oxobutanoate,-1.0,-0.2298455654477815,0.2068234189872919
OBDHc,"2-Oxobutanoate dehydrogenase, cytosolic","Glycine, Serine, and Threonine Metabolism",co2_c,CO2 CO2,1.0,-0.2298455654477815,0.2068234189872919
OBDHc,"2-Oxobutanoate dehydrogenase, cytosolic","Glycine, Serine, and Threonine Metabolism",coa_c,Coenzyme A,-1.0,-0.2298455654477815,0.2068234189872919
OBDHc,"2-Oxobutanoate dehydrogenase, cytosolic","Glycine, Serine, and Threonine Metabolism",nad_c,Nicotinamide adenine dinucleotide,-1.0,-0.2298455654477815,0.2068234189872919
OBDHc,"2-Oxobutanoate dehydrogenase, cytosolic","Glycine, Serine, and Threonine Metabolism",nadh_c,Nicotinamide adenine dinucleotide - reduced,1.0,-0.2298455654477815,0.2068234189872919
OBDHc,"2-Oxobutanoate dehydrogenase, cytosolic","Glycine, Serine, and Threonine Metabolism",ppcoa_c,Propanoyl-CoA,1.0,-0.2298455654477815,0.2068234189872919
P5CRxm,Pyrroline-5-carboxylate reductase (m),Arginine and Proline Metabolism,1pyr5c_m,1-Pyrroline-5-carboxylate,-1.0,-0.3578253178173164,0.5052510966939499
P5CRxm,Pyrroline-5-carboxylate reductase (m),Arginine and Proline Metabolism,h_m,H+,-2.0,-0.3578253178173164,0.5052510966939499
P5CRxm,Pyrroline-5-carboxylate reductase (m),Arginine and Proline Metabolism,nad_m,Nicotinamide adenine dinucleotide,1.0,-0.3578253178173164,0.5052510966939499
P5CRxm,Pyrroline-5-carboxylate reductase (m),Arginine and Proline Metabolism,nadh_m,Nicotinamide adenine dinucleotide - reduced,-1.0,-0.3578253178173164,0.5052510966939499
P5CRxm,Pyrroline-5-carboxylate reductase (m),Arginine and Proline Metabolism,pro__L_m,L-Proline,1.0,-0.3578253178173164,0.5052510966939499
PROD2m,Proline dehydrogenase (m),Arginine and Proline Metabolism,1pyr5c_m,1-Pyrroline-5-carboxylate,1.0,-0.3630293892352579,0.5617970633445618
PROD2m,Proline dehydrogenase (m),Arginine and Proline Metabolism,fad_m,Flavin adenine dinucleotide oxidized,-1.0,-0.3630293892352579,0.5617970633445618
PROD2m,Proline dehydrogenase (m),Arginine and Proline Metabolism,fadh2_m,Flavin adenine dinucleotide reduced,1.0,-0.3630293892352579,0.5617970633445618
PROD2m,Proline dehydrogenase (m),Arginine and Proline Metabolism,h_m,H+,1.0,-0.3630293892352579,0.5617970633445618
PROD2m,Proline dehydrogenase (m),Arginine and Proline Metabolism,pro__L_m,L-Proline,-1.0,-0.3630293892352579,0.5617970633445618
RTOT4,R total flux,R Group Synthesis,R4coa_hs_c,R group 4 Coenzyme A homo sapiens,-1.0,-0.9736941376995284,0.3598240800116176
RTOT4,R total flux,R Group Synthesis,Rtotalcoa_c,Rtotalcoa c,1.0,-0.9736941376995284,0.3598240800116176
RADH3,Retinal dehydrogenase,Vitamin A Metabolism,13_cis_retn_c,13-cis-retinoate,1.0,-0.2373496409507821,237349640950.78214
RADH3,Retinal dehydrogenase,Vitamin A Metabolism,h2o_c,H2O H2O,-1.0,-0.2373496409507821,237349640950.78214
RADH3,Retinal dehydrogenase,Vitamin A Metabolism,h_c,H+,2.0,-0.2373496409507821,237349640950.78214
RADH3,Retinal dehydrogenase,Vitamin A Metabolism,nad_c,Nicotinamide adenine dinucleotide,-1.0,-0.2373496409507821,237349640950.78214
RADH3,Retinal dehydrogenase,Vitamin A Metabolism,nadh_c,Nicotinamide adenine dinucleotide - reduced,1.0,-0.2373496409507821,237349640950.78214
RADH3,Retinal dehydrogenase,Vitamin A Metabolism,retinal_cis_13_c,Cis-13-retinal,-1.0,-0.2373496409507821,237349640950.78214
RADH4,Retinal dehydrogenase (NADPH),Vitamin A Metabolism,13_cis_retn_c,13-cis-retinoate,1.0,0.2373496409507821,237349640950.78214
RADH4,Retinal dehydrogenase (NADPH),Vitamin A Metabolism,h2o_c,H2O H2O,-1.0,0.2373496409507821,237349640950.78214
RADH4,Retinal dehydrogenase (NADPH),Vitamin A Metabolism,h_c,H+,2.0,0.2373496409507821,237349640950.78214
RADH4,Retinal dehydrogenase (NADPH),Vitamin A Metabolism,nadp_c,Nicotinamide adenine dinucleotide phosphate,-1.0,0.2373496409507821,237349640950.78214
RADH4,Retinal dehydrogenase (NADPH),Vitamin A Metabolism,nadph_c,Nicotinamide adenine dinucleotide phosphate - reduced,1.0,0.2373496409507821,237349640950.78214
RADH4,Retinal dehydrogenase (NADPH),Vitamin A Metabolism,retinal_cis_13_c,Cis-13-retinal,-1.0,0.2373496409507821,237349640950.78214
SERHL,L-Serine hydro-lyase,"Glycine, Serine, and Threonine Metabolism",2amac_c,2-Aminoacrylate,1.0,-0.2578502011524118,0.0
SERHL,L-Serine hydro-lyase,"Glycine, Serine, and Threonine Metabolism",h2o_c,H2O H2O,1.0,-0.2578502011524118,0.0
SERHL,L-Serine hydro-lyase,"Glycine, Serine, and Threonine Metabolism",ser__L_c,L-Serine,-1.0,-0.2578502011524118,0.0
SUCOASm,Succinate  CoA ligase  ADP forming ,Citric Acid Cycle,adp_m,ADP C10H12N5O10P2,1.0,0.2973507303322542,0.5161687190494657
SUCOASm,Succinate  CoA ligase  ADP forming ,Citric Acid Cycle,atp_m,ATP C10H12N5O13P3,-1.0,0.2973507303322542,0.5161687190494657
SUCOASm,Succinate  CoA ligase  ADP forming ,Citric Acid Cycle,coa_m,Coenzyme A,-1.0,0.2973507303322542,0.5161687190494657
SUCOASm,Succinate  CoA ligase  ADP forming ,Citric Acid Cycle,pi_m,Phosphate,1.0,0.2973507303322542,0.5161687190494657
SUCOASm,Succinate  CoA ligase  ADP forming ,Citric Acid Cycle,succ_m,Succinate,-1.0,0.2973507303322542,0.5161687190494657
SUCOASm,Succinate  CoA ligase  ADP forming ,Citric Acid Cycle,succoa_m,Succinyl-CoA,1.0,0.2973507303322542,0.5161687190494657
THRD_L,L-threonine deaminase,"Glycine, Serine, and Threonine Metabolism",2obut_c,2-Oxobutanoate,1.0,-0.2298455654477815,0.2068234189872919
THRD_L,L-threonine deaminase,"Glycine, Serine, and Threonine Metabolism",nh4_c,Ammonium,1.0,-0.2298455654477815,0.2068234189872919
THRD_L,L-threonine deaminase,"Glycine, Serine, and Threonine Metabolism",thr__L_c,L-Threonine,-1.0,-0.2298455654477815,0.2068234189872919
TTDCAtr_copy1,Fatty acid transport,"Transport, Extracellular",ttdca_c,Tetradecanoate (n-C14:0),1.0,0.357914017647007,357914017647.007
TTDCAtr_copy1,Fatty acid transport,"Transport, Extracellular",ttdca_e,Tetradecanoate (n-C14:0),-1.0,0.357914017647007,357914017647.007
TYRTA,Tyrosine transaminase,Tyrosine metabolism,34hpp_c,3-(4-Hydroxyphenyl)pyruvate,1.0,-0.2926327320270602,0.0
TYRTA,Tyrosine transaminase,Tyrosine metabolism,akg_c,2-Oxoglutarate,-1.0,-0.2926327320270602,0.0
TYRTA,Tyrosine transaminase,Tyrosine metabolism,glu__L_c,L-Glutamate,1.0,-0.2926327320270602,0.0
TYRTA,Tyrosine transaminase,Tyrosine metabolism,tyr__L_c,L-Tyrosine,-1.0,-0.2926327320270602,0.0
TYRt4,L-tyrosine transport in via sodium symport,"Transport, Extracellular",na1_c,Sodium,1.0,-0.3697731095840616,0.0308029314230024
TYRt4,L-tyrosine transport in via sodium symport,"Transport, Extracellular",na1_e,Sodium,-1.0,-0.3697731095840616,0.0308029314230024
TYRt4,L-tyrosine transport in via sodium symport,"Transport, Extracellular",tyr__L_c,L-Tyrosine,1.0,-0.3697731095840616,0.0308029314230024
TYRt4,L-tyrosine transport in via sodium symport,"Transport, Extracellular",tyr__L_e,L-Tyrosine,-1.0,-0.3697731095840616,0.0308029314230024
WHTTDCAte,Xenobiotic transport,"Transport, Extracellular",whttdca_c,Omega hydroxy tetradecanoate (n-C14:0),1.0,-0.3245806843136737,324580684313.6737
WHTTDCAte,Xenobiotic transport,"Transport, Extracellular",whttdca_e,Omega hydroxy tetradecanoate (n-C14:0),-1.0,-0.3245806843136737,324580684313.6737
