scenario,metric,spearman_vs_primary,categorical_agreement
primary,delta_diet,0.9999999999999998,
primary,delta_microbiome,1.0,
primary,variance_explained_diet,1.0,
primary,variance_explained_microbiome,1.0,
primary,dominant_driver,,1.0
objective_atpm,delta_diet,0.6683848527248408,
objective_atpm,delta_microbiome,-0.15831005003417697,
objective_atpm,variance_explained_diet,0.7466634965174389,
objective_atpm,variance_explained_microbiome,0.5335400663582617,
objective_atpm,dominant_driver,,0.917337627482555
portal_mode_soft,delta_diet,0.9999999999999998,
portal_mode_soft,delta_microbiome,0.9502789400202544,
portal_mode_soft,variance_explained_diet,0.9998100056033846,
portal_mode_soft,variance_explained_microbiome,0.9895927404580845,
portal_mode_soft,dominant_driver,,0.9954374664519592
portal_mode_availability,delta_diet,0.9999999999999998,
portal_mode_availability,delta_microbiome,-0.1005979182000731,
portal_mode_availability,variance_explained_diet,0.9982559172819213,
portal_mode_availability,variance_explained_microbiome,0.5325756654171465,
portal_mode_availability,dominant_driver,,0.9624261943102523
portal_scale_0p05,delta_diet,0.9999999999999998,
portal_scale_0p05,delta_microbiome,0.8945003677300039,
portal_scale_0p05,variance_explained_diet,0.9995326851270456,
portal_scale_0p05,variance_explained_microbiome,0.9732915275054321,
portal_scale_0p05,dominant_driver,,0.9932903918411164
portal_scale_0p2,delta_diet,0.9999999999999998,
portal_scale_0p2,delta_microbiome,0.9021471208942486,
portal_scale_0p2,variance_explained_diet,0.9994873671490019,
portal_scale_0p2,variance_explained_microbiome,0.9521464155717363,
portal_scale_0p2,dominant_driver,,0.9919484702093397
micom_tradeoff_0p3,delta_diet,0.9999999999999998,
micom_tradeoff_0p3,delta_microbiome,0.8798433721661174,
micom_tradeoff_0p3,variance_explained_diet,0.9995288641256106,
micom_tradeoff_0p3,variance_explained_microbiome,0.9511802486286033,
micom_tradeoff_0p3,dominant_driver,,0.990606548577563
micom_tradeoff_0p7,delta_diet,0.9999999999999998,
micom_tradeoff_0p7,delta_microbiome,0.860882442931297,
micom_tradeoff_0p7,variance_explained_diet,0.9995657637020052,
micom_tradeoff_0p7,variance_explained_microbiome,0.9584395974669678,
micom_tradeoff_0p7,dominant_driver,,0.990606548577563
mapping_sensitivity_28_species,delta_diet,0.9999999999999998,
mapping_sensitivity_28_species,delta_microbiome,1.0,
mapping_sensitivity_28_species,variance_explained_diet,1.0,
mapping_sensitivity_28_species,variance_explained_microbiome,1.0,
mapping_sensitivity_28_species,dominant_driver,,1.0
