species,model_file
aeromonas_hydrophila_subsp_hydrophila_atcc_7966,Aeromonas_hydrophila_subsp_hydrophila_ATCC_7966.mat
agrobacterium_fabrum_str_c58,Agrobacterium_fabrum_str_C58.mat
bacteroides_fragilis_nctc_9343_strain_atcc_25285,Bacteroides_fragilis_NCTC_9343.mat
bacteroides_fragilis_ych46,Bacteroides_fragilis_YCH46.mat
bacteroides_thetaiotaomicron_vpi_5482,Bacteroides_thetaiotaomicron_VPI_5482.mat
bifidobacterium_bifidum_prl2010,Bifidobacterium_bifidum_PRL2010.mat
bifidobacterium_longum_ncc2705,Bifidobacterium_longum_NCC2705.mat
clostridium_acetobutylicum_atcc_824,Clostridium_acetobutylicum_ATCC_824.mat
clostridium_botulinum_a_str_atcc_3502,Clostridium_botulinum_A_str_ATCC_3502.mat
enterobacter_aerogenes_kctc_2190,Enterobacter_aerogenes_KCTC_2190.mat
enterobacter_cloacae_subsp_cloacae_atcc_13047,Enterobacter_cloacae_subsp_cloacae_ATCC_13047.mat
enterococcus_faecalis_v583,Enterococcus_faecalis_V583.mat
enterococcus_faecium_do,Enterococcus_faecium_DO.mat
escherichia_coli_umn026,Escherichia_coli_UMN026.mat
escherichia_coli_str_k_12_substr_mg1655,Escherichia_coli_str_K_12_substr_MG1655.mat
fusobacterium_nucleatum_subsp_nucleatum_atcc_25586,Fusobacterium_nucleatum_subsp_nucleatum_ATCC_25586.mat
helicobacter_pylori_26695,Helicobacter_pylori_26695.mat
klebsiella_pneumoniae_subsp_pneumoniae_hs11286,Klebsiella_pneumoniae_subsp_pneumoniae_HS11286.mat
lactobacillus_acidophilus_ncfm,Lactobacillus_acidophilus_NCFM.mat
lactococcus_lactis_subsp_lactis_il1403,Lactococcus_lactis_subsp_lactis_Il1403.mat
salmonella_enterica_subsp_enterica_serovar_typhi_str_ct18,Salmonella_enterica_subsp_enterica_serovar_Typhi_str_CT18.mat
staphylococcus_aureus_subsp_aureus_nctc_8325,Staphylococcus_aureus_subsp_aureus_NCTC_8325.mat
staphylococcus_epidermidis_atcc_12228,Staphylococcus_epidermidis_ATCC_12228.mat
streptococcus_agalactiae_2603v_r,Streptococcus_agalactiae_2603V_R.mat
streptococcus_mitis_b6,Streptococcus_mitis_B6.mat
streptococcus_pneumoniae_r6,Streptococcus_pneumoniae_R6.mat
vibrio_cholerae_o1_biovar_el_tor_str_n16961,Vibrio_cholerae_O1_biovar_El_Tor_str_N16961.mat
