species,model_file,model_path,match_status,match_confidence,match_basis
Aeromonas_hydrophila_subsp_hydrophila_ATCC_7966,Aeromonas_hydrophila_subsp_hydrophila_ATCC_7966.mat,C:\Users\rolan\AGORA2_mat\Aeromonas_hydrophila_subsp_hydrophila_ATCC_7966.mat,matched,curated_explicit_normalized,mapping_file_normalized
Agrobacterium_fabrum_str_C58,Agrobacterium_fabrum_str_C58.mat,C:\Users\rolan\AGORA2_mat\Agrobacterium_fabrum_str_C58.mat,matched,curated_explicit_normalized,mapping_file_normalized
Amycolatopsis_mediterranei_U32,,,unmatched,excluded_by_strict_mapping_file,strict_mapping_file
Bacillus_subtilis_subsp_subtilis_str_168,,,unmatched,excluded_by_strict_mapping_file,strict_mapping_file
Bacteroides_fragilis_NCTC_9343_strain_ATCC_25285,Bacteroides_fragilis_NCTC_9343.mat,C:\Users\rolan\AGORA2_mat\Bacteroides_fragilis_NCTC_9343.mat,matched,curated_explicit_normalized,mapping_file_normalized
Bacteroides_fragilis_YCH46,Bacteroides_fragilis_YCH46.mat,C:\Users\rolan\AGORA2_mat\Bacteroides_fragilis_YCH46.mat,matched,curated_explicit_normalized,mapping_file_normalized
Bacteroides_thetaiotaomicron_VPI_5482,Bacteroides_thetaiotaomicron_VPI_5482.mat,C:\Users\rolan\AGORA2_mat\Bacteroides_thetaiotaomicron_VPI_5482.mat,matched,curated_explicit_normalized,mapping_file_normalized
Bifidobacterium_bifidum_PRL2010,Bifidobacterium_bifidum_PRL2010.mat,C:\Users\rolan\AGORA2_mat\Bifidobacterium_bifidum_PRL2010.mat,matched,curated_explicit_normalized,mapping_file_normalized
Bifidobacterium_longum_NCC2705,Bifidobacterium_longum_NCC2705.mat,C:\Users\rolan\AGORA2_mat\Bifidobacterium_longum_NCC2705.mat,matched,curated_explicit_normalized,mapping_file_normalized
Burkholderia_mallei_ATCC_23344,,,unmatched,excluded_by_strict_mapping_file,strict_mapping_file
Campylobacter_jejuni_subsp_jejuni_NCTC_11168_=_ATCC_700819,,,unmatched,excluded_by_strict_mapping_file,strict_mapping_file
Chlorobium_tepidum_TLS,,,unmatched,excluded_by_strict_mapping_file,strict_mapping_file
Chloroflexus_aurantiacus_J_10_fl,,,unmatched,excluded_by_strict_mapping_file,strict_mapping_file
Clostridium_acetobutylicum_ATCC_824,Clostridium_acetobutylicum_ATCC_824.mat,C:\Users\rolan\AGORA2_mat\Clostridium_acetobutylicum_ATCC_824.mat,matched,curated_explicit_normalized,mapping_file_normalized
Clostridium_botulinum_A_str_ATCC_3502,Clostridium_botulinum_A_str_ATCC_3502.mat,C:\Users\rolan\AGORA2_mat\Clostridium_botulinum_A_str_ATCC_3502.mat,matched,curated_explicit_normalized,mapping_file_normalized
Deinococcus_radiodurans_R1,,,unmatched,excluded_by_strict_mapping_file,strict_mapping_file
Desulfovibrio_vulgaris_str_Hildenborough,,,unmatched,excluded_by_strict_mapping_file,strict_mapping_file
Enterobacter_aerogenes_KCTC_2190,Enterobacter_aerogenes_KCTC_2190.mat,C:\Users\rolan\AGORA2_mat\Enterobacter_aerogenes_KCTC_2190.mat,matched,curated_explicit_normalized,mapping_file_normalized
Enterobacter_cloacae_subsp_cloacae_ATCC_13047,Enterobacter_cloacae_subsp_cloacae_ATCC_13047.mat,C:\Users\rolan\AGORA2_mat\Enterobacter_cloacae_subsp_cloacae_ATCC_13047.mat,matched,curated_explicit_normalized,mapping_file_normalized
Enterococcus_faecalis_V583,Enterococcus_faecalis_V583.mat,C:\Users\rolan\AGORA2_mat\Enterococcus_faecalis_V583.mat,matched,curated_explicit_normalized,mapping_file_normalized
Enterococcus_faecium_DO,Enterococcus_faecium_DO.mat,C:\Users\rolan\AGORA2_mat\Enterococcus_faecium_DO.mat,matched,curated_explicit_normalized,mapping_file_normalized
Escherichia_coli_K_12,,,unmatched,excluded_by_strict_mapping_file,strict_mapping_file
Escherichia_coli_UMN026,Escherichia_coli_UMN026.mat,C:\Users\rolan\AGORA2_mat\Escherichia_coli_UMN026.mat,matched,curated_explicit_normalized,mapping_file_normalized
Escherichia_coli_str_K_12_substr_MG1655,Escherichia_coli_str_K_12_substr_MG1655.mat,C:\Users\rolan\AGORA2_mat\Escherichia_coli_str_K_12_substr_MG1655.mat,matched,curated_explicit_normalized,mapping_file_normalized
Flavobacterium_psychrophilum_JIP02/86,,,unmatched,excluded_by_strict_mapping_file,strict_mapping_file
Fusobacterium_nucleatum_subsp_nucleatum_ATCC_25586,Fusobacterium_nucleatum_subsp_nucleatum_ATCC_25586.mat,C:\Users\rolan\AGORA2_mat\Fusobacterium_nucleatum_subsp_nucleatum_ATCC_25586.mat,matched,curated_explicit_normalized,mapping_file_normalized
Geobacter_sulfurreducens_PCA,,,unmatched,excluded_by_strict_mapping_file,strict_mapping_file
Helicobacter_pylori_26695,Helicobacter_pylori_26695.mat,C:\Users\rolan\AGORA2_mat\Helicobacter_pylori_26695.mat,matched,curated_explicit_normalized,mapping_file_normalized
Ketogulonicigenium_vulgare_WSH_001,,,unmatched,excluded_by_strict_mapping_file,strict_mapping_file
Klebsiella_pneumoniae_subsp_pneumoniae_HS11286,Klebsiella_pneumoniae_subsp_pneumoniae_HS11286.mat,C:\Users\rolan\AGORA2_mat\Klebsiella_pneumoniae_subsp_pneumoniae_HS11286.mat,matched,curated_explicit_normalized,mapping_file_normalized
Lactobacillus_acidophilus_NCFM,Lactobacillus_acidophilus_NCFM.mat,C:\Users\rolan\AGORA2_mat\Lactobacillus_acidophilus_NCFM.mat,matched,curated_explicit_normalized,mapping_file_normalized
Lactobacillus_salivarius_UCC118,,,unmatched,excluded_by_strict_mapping_file,strict_mapping_file
Lactococcus_lactis_subsp_lactis_Il1403,Lactococcus_lactis_subsp_lactis_Il1403.mat,C:\Users\rolan\AGORA2_mat\Lactococcus_lactis_subsp_lactis_Il1403.mat,matched,curated_explicit_normalized,mapping_file_normalized
Legionella_pneumophila_subsp_pneumophila_str_Philadelphia_1,,,unmatched,excluded_by_strict_mapping_file,strict_mapping_file
Mesoplasma_florum_L1,,,unmatched,excluded_by_strict_mapping_file,strict_mapping_file
Moorella_thermoacetica_ATCC_39073,,,unmatched,excluded_by_strict_mapping_file,strict_mapping_file
Neisseria_gonorrhoeae_FA_1090,,,unmatched,excluded_by_strict_mapping_file,strict_mapping_file
Pseudomonas_syringae_pv_syringae_B728a,,,unmatched,excluded_by_strict_mapping_file,strict_mapping_file
Pseudomonas_syringae_pv_tomato_str_DC3000,,,unmatched,excluded_by_strict_mapping_file,strict_mapping_file
Rhodobacter_sphaeroides_241,,,unmatched,excluded_by_strict_mapping_file,strict_mapping_file
Rhodospirillum_rubrum_ATCC_11170,,,unmatched,excluded_by_strict_mapping_file,strict_mapping_file
Salmonella_enterica_subsp_enterica_serovar_Typhi_str_CT18,Salmonella_enterica_subsp_enterica_serovar_Typhi_str_CT18.mat,C:\Users\rolan\AGORA2_mat\Salmonella_enterica_subsp_enterica_serovar_Typhi_str_CT18.mat,matched,curated_explicit_normalized,mapping_file_normalized
Sinorhizobium_fredii_NGR234,,,unmatched,excluded_by_strict_mapping_file,strict_mapping_file
Sinorhizobium_meliloti_1021,,,unmatched,excluded_by_strict_mapping_file,strict_mapping_file
Staphylococcus_aureus_subsp_aureus_NCTC_8325,Staphylococcus_aureus_subsp_aureus_NCTC_8325.mat,C:\Users\rolan\AGORA2_mat\Staphylococcus_aureus_subsp_aureus_NCTC_8325.mat,matched,curated_explicit_normalized,mapping_file_normalized
Staphylococcus_epidermidis_ATCC_12228,Staphylococcus_epidermidis_ATCC_12228.mat,C:\Users\rolan\AGORA2_mat\Staphylococcus_epidermidis_ATCC_12228.mat,matched,curated_explicit_normalized,mapping_file_normalized
Streptococcus_agalactiae_2603V/R,Streptococcus_agalactiae_2603V_R.mat,C:\Users\rolan\AGORA2_mat\Streptococcus_agalactiae_2603V_R.mat,matched,curated_explicit_normalized,mapping_file_normalized
Streptococcus_mitis_B6,Streptococcus_mitis_B6.mat,C:\Users\rolan\AGORA2_mat\Streptococcus_mitis_B6.mat,matched,curated_explicit_normalized,mapping_file_normalized
Streptococcus_pneumoniae_R6,Streptococcus_pneumoniae_R6.mat,C:\Users\rolan\AGORA2_mat\Streptococcus_pneumoniae_R6.mat,matched,curated_explicit_normalized,mapping_file_normalized
Streptomyces_coelicolor_A3(2),,,unmatched,excluded_by_strict_mapping_file,strict_mapping_file
Thermanaerovibrio_acidaminovorans_DSM_6589,,,unmatched,excluded_by_strict_mapping_file,strict_mapping_file
Thermosynechococcus_elongatus_BP_1,,,unmatched,excluded_by_strict_mapping_file,strict_mapping_file
Thermus_thermophilus_HB8,,,unmatched,excluded_by_strict_mapping_file,strict_mapping_file
Treponema_denticola_ATCC_35405,,,unmatched,excluded_by_strict_mapping_file,strict_mapping_file
Vibrio_cholerae_O1_biovar_El_Tor_str_N16961,Vibrio_cholerae_O1_biovar_El_Tor_str_N16961.mat,C:\Users\rolan\AGORA2_mat\Vibrio_cholerae_O1_biovar_El_Tor_str_N16961.mat,matched,curated_explicit_normalized,mapping_file_normalized
Xanthomonas_campestris_pv_campestris_str_ATCC_33913,,,unmatched,excluded_by_strict_mapping_file,strict_mapping_file
Yersinia_pestis_CO92,,,unmatched,excluded_by_strict_mapping_file,strict_mapping_file
