id,species,abundance,original_abundance_proxy,file
Agrobacterium_fabrum_str_C58,Agrobacterium_fabrum_str_C58,8.118860106188972e-05,5.796765400649456e-05,C:\Users\rolan\AGORA2_mat\Agrobacterium_fabrum_str_C58.mat
Bacteroides_fragilis_NCTC_9343_strain_ATCC_25285,Bacteroides_fragilis_NCTC_9343_strain_ATCC_25285,0.00016237720224693465,0.0001159353081009204,C:\Users\rolan\AGORA2_mat\Bacteroides_fragilis_NCTC_9343.mat
Bacteroides_fragilis_YCH46,Bacteroides_fragilis_YCH46,0.02703580417220572,0.019303228797440314,C:\Users\rolan\AGORA2_mat\Bacteroides_fragilis_YCH46.mat
Bacteroides_thetaiotaomicron_VPI_5482,Bacteroides_thetaiotaomicron_VPI_5482,0.5106763010540476,0.36461654396842563,C:\Users\rolan\AGORA2_mat\Bacteroides_thetaiotaomicron_VPI_5482.mat
Bifidobacterium_bifidum_PRL2010,Bifidobacterium_bifidum_PRL2010,0.001299017617852322,0.0009274824647194319,C:\Users\rolan\AGORA2_mat\Bifidobacterium_bifidum_PRL2010.mat
Bifidobacterium_longum_NCC2705,Bifidobacterium_longum_NCC2705,0.00016237720224693465,0.0001159353081009204,C:\Users\rolan\AGORA2_mat\Bifidobacterium_longum_NCC2705.mat
Clostridium_acetobutylicum_ATCC_824,Clostridium_acetobutylicum_ATCC_824,0.006089145084814248,0.004347574054180206,C:\Users\rolan\AGORA2_mat\Clostridium_acetobutylicum_ATCC_824.mat
Clostridium_botulinum_A_str_ATCC_3502,Clostridium_botulinum_A_str_ATCC_3502,0.00267922383738231,0.001912932583885015,C:\Users\rolan\AGORA2_mat\Clostridium_botulinum_A_str_ATCC_3502.mat
Enterobacter_aerogenes_KCTC_2190,Enterobacter_aerogenes_KCTC_2190,0.005033693269039199,0.003593994550688876,C:\Users\rolan\AGORA2_mat\Enterobacter_aerogenes_KCTC_2190.mat
Enterococcus_faecalis_V583,Enterococcus_faecalis_V583,0.000487131606740804,0.00034780592430276125,C:\Users\rolan\AGORA2_mat\Enterococcus_faecalis_V583.mat
Escherichia_coli_UMN026,Escherichia_coli_UMN026,0.0016237720224693468,0.0011593530810092042,C:\Users\rolan\AGORA2_mat\Escherichia_coli_UMN026.mat
Escherichia_coli_str_K_12_substr_MG1655,Escherichia_coli_str_K_12_substr_MG1655,0.06430137209027875,0.04591038200831621,C:\Users\rolan\AGORA2_mat\Escherichia_coli_str_K_12_substr_MG1655.mat
Helicobacter_pylori_26695,Helicobacter_pylori_26695,8.118860106188972e-05,5.796765400649456e-05,C:\Users\rolan\AGORA2_mat\Helicobacter_pylori_26695.mat
Klebsiella_pneumoniae_subsp_pneumoniae_HS11286,Klebsiella_pneumoniae_subsp_pneumoniae_HS11286,0.00024356580330882438,0.00017390296210741495,C:\Users\rolan\AGORA2_mat\Klebsiella_pneumoniae_subsp_pneumoniae_HS11286.mat
Lactobacillus_acidophilus_NCFM,Lactobacillus_acidophilus_NCFM,0.021027847689438595,0.01501362239797005,C:\Users\rolan\AGORA2_mat\Lactobacillus_acidophilus_NCFM.mat
Lactococcus_lactis_subsp_lactis_Il1403,Lactococcus_lactis_subsp_lactis_Il1403,8.118860106188972e-05,5.796765400649456e-05,C:\Users\rolan\AGORA2_mat\Lactococcus_lactis_subsp_lactis_Il1403.mat
Salmonella_enterica_subsp_enterica_serovar_Typhi_str_CT18,Salmonella_enterica_subsp_enterica_serovar_Typhi_str_CT18,0.0012178290167904322,0.0008695148107129374,C:\Users\rolan\AGORA2_mat\Salmonella_enterica_subsp_enterica_serovar_Typhi_str_CT18.mat
Staphylococcus_aureus_subsp_aureus_NCTC_8325,Staphylococcus_aureus_subsp_aureus_NCTC_8325,0.35455062108469126,0.2531447452230157,C:\Users\rolan\AGORA2_mat\Staphylococcus_aureus_subsp_aureus_NCTC_8325.mat
Streptococcus_agalactiae_2603V/R,Streptococcus_agalactiae_2603V/R,8.118860106188972e-05,5.796765400649456e-05,C:\Users\rolan\AGORA2_mat\Streptococcus_agalactiae_2603V_R.mat
Streptococcus_pneumoniae_R6,Streptococcus_pneumoniae_R6,0.0028416010390134683,0.002028867891546279,C:\Users\rolan\AGORA2_mat\Streptococcus_pneumoniae_R6.mat
Vibrio_cholerae_O1_biovar_El_Tor_str_N16961,Vibrio_cholerae_O1_biovar_El_Tor_str_N16961,0.0002435658031856692,0.0001739029620194837,C:\Users\rolan\AGORA2_mat\Vibrio_cholerae_O1_biovar_El_Tor_str_N16961.mat
