reaction_id,flux_scd_baseline,flux_hfd_no_microbiome,flux_hfd_with_microbiome,delta_diet,delta_microbiome,delta_total,abs_diet_contribution,abs_microbiome_contribution,variance_explained_diet,variance_explained_microbiome,effect_type,interaction,opposing_effects,cohens_d_diet,cohens_d_microbiome,diet_effect_size,microbiome_effect_size,dominant_driver,pct_diet_contribution_legacy,pct_microbiome_contribution_legacy,ReactionName,Subsystem,threshold_attributable_abs_delta_ge_threshold,HFD_microbiome_flux_delta
EX_ac_e,0.0,0.0,-0.004983981304,0.0,-0.004983981304,-0.004983981304,0.0,0.004983981304,0.0,100.0,Synergistic,Microbiome-dominated synergy,False,0.0,0.0,Small,Small,Microbiome,0.0,100.0,Acetate exchange,Extracellular exchange,False,-0.004983981304
ACS,0.0,0.0,0.004983981304,0.0,0.004983981304,0.004983981304,0.0,0.004983981304,0.0,100.0,Synergistic,Microbiome-dominated synergy,False,0.0,0.0,Small,Small,Microbiome,0.0,100.0,Acetyl-CoA synthetase,Glycolysis/Gluconeogenesis,False,0.004983981304
ACt2r,0.0,0.0,0.004983981304,0.0,0.004983981304,0.004983981304,0.0,0.004983981304,0.0,100.0,Synergistic,Microbiome-dominated synergy,False,0.0,0.0,Small,Small,Microbiome,0.0,100.0,Acetate reversible transport via proton symport,"Transport, Extracellular",False,0.004983981304
LSTO2r,0.0,0.0,0.010275392294,0.0,0.010275392294,0.010275392294,0.0,0.010275392294,0.0,100.0,Synergistic,Microbiome-dominated synergy,False,0.0,0.0,Small,Small,Microbiome,0.0,100.0,Lathosterol oxidase,Cholesterol Metabolism,True,0.010275392294
DHCR72r,0.0,0.0,0.010275392294,0.0,0.010275392294,0.010275392294,0.0,0.010275392294,0.0,100.0,Synergistic,Microbiome-dominated synergy,False,0.0,0.0,Small,Small,Microbiome,0.0,100.0,7-dehydrocholesterol reductase,Cholesterol Metabolism,True,0.010275392294
DHCR242r,0.0,0.0,0.010275392294,0.0,0.010275392294,0.010275392294,0.0,0.010275392294,0.0,100.0,Synergistic,Microbiome-dominated synergy,False,0.0,0.0,Small,Small,Microbiome,0.0,100.0,24-dehydrocholesterol reductase [Precursor],Cholesterol Metabolism,True,0.010275392294
DHCRD2,0.0,0.0,0.00456684102,0.0,0.00456684102,0.00456684102,0.0,0.00456684102,0.0,100.0,Synergistic,Microbiome-dominated synergy,False,0.0,0.0,Small,Small,Microbiome,0.0,100.0,Dihydroceramide desaturase,Sphingolipid Metabolism,False,0.00456684102
H2O2syn,0.1,0.1,0.0,0.0,-0.1,-0.1,0.0,0.1,0.0,100.0,Synergistic,Microbiome-dominated synergy,False,0.0,-1.0,Small,Large,Microbiome,0.0,100.0,Hydrogen peroxide synthesis (NADPH dependent),Tyrosine metabolism,True,-0.1
G6PDH2er,0.0,0.0,0.015077484532,0.0,0.015077484532,0.015077484532,0.0,0.015077484532,0.0,100.0,Synergistic,Microbiome-dominated synergy,False,0.0,0.0,Small,Small,Microbiome,0.0,100.0,Glucose 6 phosphate dehydrogenase  endoplasmic reticulum,Pentose Phosphate Pathway,True,0.015077484532
G6PDH1er_copy2,0.0,0.0,-0.015077484532,0.0,-0.015077484532,-0.015077484532,0.0,0.015077484532,0.0,100.0,Synergistic,Microbiome-dominated synergy,False,0.0,0.0,Small,Small,Microbiome,0.0,100.0,"Glucose-6-phosphate dehydrogenase, endoplasmic reticulum",Pentose Phosphate Pathway,True,-0.015077484532
ARTPLM3,0.0,0.0,0.875000000007,0.0,0.875000000007,0.875000000007,0.0,0.875000000007,0.0,100.0,Synergistic,Microbiome-dominated synergy,False,0.0,0.0,Small,Small,Microbiome,0.0,100.0,R group to palmitate conversion,R Group Synthesis,True,0.875000000007
4MOPt2im,0.0,0.0,0.1,0.0,0.1,0.1,0.0,0.1,0.0,100.0,Synergistic,Microbiome-dominated synergy,False,0.0,0.0,Small,Small,Microbiome,0.0,100.0,4-methyl-2-oxopentanoate mitochondrial transport  via proton symport,"Transport, Mitochondrial",True,0.1
3MOPt2im,0.0,0.0,0.1,0.0,0.1,0.1,0.0,0.1,0.0,100.0,Synergistic,Microbiome-dominated synergy,False,0.0,0.0,Small,Small,Microbiome,0.0,100.0,3-Methyl-2-oxopentanoate mitochondrial transport via proton symport,"Transport, Mitochondrial",True,0.1
LEUt5m,0.0,0.0,-0.1,0.0,-0.1,-0.1,0.0,0.1,0.0,100.0,Synergistic,Microbiome-dominated synergy,False,0.0,0.0,Small,Small,Microbiome,0.0,100.0,Leucine mitochondrial transport,"Transport, Mitochondrial",True,-0.1
ILEtmi,0.0,0.0,0.1,0.0,0.1,0.1,0.0,0.1,0.0,100.0,Synergistic,Microbiome-dominated synergy,False,0.0,0.0,Small,Small,Microbiome,0.0,100.0,Isoleucine transport from mitochondria to cytosol,"Transport, Mitochondrial",True,0.1
LEUTA,0.0,0.0,0.1,0.0,0.1,0.1,0.0,0.1,0.0,100.0,Synergistic,Microbiome-dominated synergy,False,0.0,0.0,Small,Small,Microbiome,0.0,100.0,Leucine transaminase,"Valine, Leucine, and Isoleucine Metabolism",True,0.1
LEUTAm,0.0,0.0,-0.1,0.0,-0.1,-0.1,0.0,0.1,0.0,100.0,Synergistic,Microbiome-dominated synergy,False,0.0,0.0,Small,Small,Microbiome,0.0,100.0,Leucine transaminase  mitochondrial,"Valine, Leucine, and Isoleucine Metabolism",True,-0.1
RTOT_3,0.0,0.0,0.437500000004,0.0,0.437500000004,0.437500000004,0.0,0.437500000004,0.0,100.0,Synergistic,Microbiome-dominated synergy,False,0.0,0.0,Small,Small,Microbiome,0.0,100.0,R total flux 3 position,R Group Synthesis,True,0.437500000004
ILETAm,0.0,0.0,-0.1,0.0,-0.1,-0.1,0.0,0.1,0.0,100.0,Synergistic,Microbiome-dominated synergy,False,0.0,0.0,Small,Small,Microbiome,0.0,100.0,Isoleucine transaminase  mitochondrial,"Valine, Leucine, and Isoleucine Metabolism",True,-0.1
ILETA,0.0,0.0,0.1,0.0,0.1,0.1,0.0,0.1,0.0,100.0,Synergistic,Microbiome-dominated synergy,False,0.0,0.0,Small,Small,Microbiome,0.0,100.0,Isoleucine transaminase,"Valine, Leucine, and Isoleucine Metabolism",True,0.1
BTNt4i,0.094875334649,0.0,0.406101348529,-0.094875334649,0.406101348529,0.31122601388,0.094875334649,0.406101348529,5.175568104037436,94.82443189596256,Antagonistic,Microbiome overcomes diet,True,-1.0,0.0,Large,Small,Microbiome (opposed by diet),30.48438447230226,130.48438447230225,Biotin uptake (antiport),"Transport, Extracellular",True,0.406101348529
BTNt2i,-0.094875334649,0.0,-0.406101348529,0.094875334649,-0.406101348529,-0.31122601388,0.094875334649,0.406101348529,5.175568104037436,94.82443189596256,Antagonistic,Microbiome overcomes diet,True,1.0,0.0,Large,Small,Microbiome (opposed by diet),30.48438447230226,130.48438447230225,Biotin uptake,"Transport, Extracellular",True,-0.406101348529
SERALANaEx,0.0,0.287912347649,1.1,0.287912347649,0.8120876523510001,1.1,0.287912347649,0.8120876523510001,11.165916900083047,88.83408309991697,Synergistic,Microbiome-dominated synergy,False,0.0,2.820607240301598,Small,Large,Microbiome,26.17384978627272,73.82615021372729,L-alanine/L-serine Na-dependent exchange (Ser-L in),"Transport, Extracellular",True,0.8120876523510001
DHCRD1,0.006841443726,0.004567619787,0.0,-0.0022738239389999,-0.004567619787,-0.006841443726,0.0022738239389999,0.004567619787,19.86014188255849,80.1398581174415,Synergistic,Microbiome-dominated synergy,False,-0.332360248811027,-1.0,Medium,Large,Microbiome,33.2360248811027,66.7639751188973,Dihydroceramide desaturase,Sphingolipid Metabolism,False,-0.004567619787
DHCR71r,0.015393248383,0.01027714452,0.0,-0.005116103863,-0.01027714452,-0.015393248383,0.005116103863,0.01027714452,19.86014188643697,80.13985811356304,Synergistic,Microbiome-dominated synergy,False,-0.3323602488380636,-1.0,Medium,Large,Microbiome,33.23602488380636,66.76397511619363,7-dehydrocholesterol reductase,Cholesterol Metabolism,True,-0.01027714452
LSTO1r,0.015393248383,0.01027714452,0.0,-0.005116103863,-0.01027714452,-0.015393248383,0.005116103863,0.01027714452,19.86014188643697,80.13985811356304,Synergistic,Microbiome-dominated synergy,False,-0.3323602488380636,-1.0,Medium,Large,Microbiome,33.23602488380636,66.76397511619363,Lathosterol oxidase,Cholesterol Metabolism,True,-0.01027714452
DHCR243r,0.015393248383,0.01027714452,0.0,-0.005116103863,-0.01027714452,-0.015393248383,0.005116103863,0.01027714452,19.86014188643697,80.13985811356304,Synergistic,Microbiome-dominated synergy,False,-0.3323602488380636,-1.0,Medium,Large,Microbiome,33.23602488380636,66.76397511619363,24-dehydrocholesterol reductase [Precursor],Cholesterol Metabolism,True,-0.01027714452
H2O2tp,0.0,-0.05,-0.15,-0.05,-0.0999999999999999,-0.15,0.05,0.0999999999999999,20.000000000000007,80.0,Synergistic,Microbiome-dominated synergy,False,0.0,-2.0,Small,Large,Microbiome,33.333333333333336,66.66666666666666,"Hydrogen peroxide transport via diffusion, glyoxysome","Transport, Peroxisomal",True,-0.0999999999999999
SERt4,1.4,0.812087652351,0.0,-0.5879123476489999,-0.812087652351,-1.4,0.5879123476489999,0.812087652351,34.3877769662788,65.61222303372121,Synergistic,Microbiome-dominated synergy,False,-0.4199373911778571,-1.0,Medium,Large,Microbiome,41.99373911778571,58.00626088221429,L-serine via sodium symport,"Transport, Extracellular",True,-0.812087652351
