ReactionID,ReactionName,Subsystem,AdjustedMeanDiff,q_value,Cohen_d,Direction,RQ2_N_magnitude_responsive,RQ2_conservation_tier,RQ2_universal_magnitude,RQ3_WDChow_responsive,RQ3_N_responsive_celltypes,RQ3_primary_celltype,RQ4_HFD_threshold_attributable,RQ4_HFD_microbiome_dominant,RQ4_delta_diet,RQ4_delta_microbiome,RQ4_variance_explained_diet,RQ4_variance_explained_microbiome,RQ4_dominant_driver
ARTPLM1,R group to palmitate conversion,R Group Synthesis,-0.6336871258272186,5.8261202364380616e-43,-2.639162778122748,Down,7,high,False,True,9,aHSCs,True,False,-4.332896474567001,0.0502453373670004,99.98655451380766,0.0134454861923429,Diet (opposed by microbiome)
ARTPLM3,R group to palmitate conversion,R Group Synthesis,0.320936322135214,9.727694680042785e-33,2.364470165756656,Up,0,low/strain-specific,False,True,7,MCs,True,True,0.0,0.875000000007,0.0,100.0,Microbiome
EX_hdcea_e,Hexadecenoate (n-C16:1) exchange,Extracellular exchange,0.3314305602609877,6.500402013798868e-21,1.3079109376238942,Up,0,low/strain-specific,False,True,2,"Cd207-, Trem2+ Mo-KC",False,False,1.056644829879,-3.441820300009724e-05,99.9999998938993,1.0610071687542317e-07,Diet (opposed by microbiome)
FACOAL161,Fatty acid  CoA ligase  hexadecenoate ,Fatty acid activation,-0.3314305602609877,6.500402013798868e-21,-1.3079109376238942,Down,0,low/strain-specific,False,True,2,"Cd207-, Trem2+ Mo-KC",False,False,-1.056644829879,3.441820300009724e-05,99.9999998938993,1.0610071687542317e-07,Diet (opposed by microbiome)
HDCEAt,Hexadecenoate  n C161  transport in via uniport,"Transport, Extracellular",-0.3314305602609877,6.500402013798868e-21,-1.3079109376238942,Down,0,low/strain-specific,False,True,2,"Cd207-, Trem2+ Mo-KC",False,False,-1.056644829879,3.441820300009724e-05,99.9999998938993,1.0610071687542317e-07,Diet (opposed by microbiome)
FUMm,Fumarase  mitochondrial,Citric Acid Cycle,-0.3914692684009309,4.235615366246013e-18,-1.2725494764565664,Down,4,moderate,False,True,8,cAMP qHSCs,False,False,-0.914789783539,-0.002329939077,99.99935130029286,0.0006486997071367,Diet
FUM,Fumarase,Citric Acid Cycle,0.3684232849932338,1.7908700205679702e-17,1.1235164571249563,Up,6,moderate,False,True,9,cAMP qHSCs,False,False,2.252253193894,0.0022949919129999,99.99989616890235,0.0001038310976552,Diet
FUMtm,"Fumarate transport, mitochondrial","Transport, Mitochondrial",-0.3541481089959801,1.2003870225012313e-15,-1.0387749919292877,Down,2,partial,False,True,9,cAMP qHSCs,False,False,-2.252253193894,-0.0022949919129999,99.99989616890235,0.0001038310976552,Diet
GTHOm,Glutathione oxidoreductase,Glutamate metabolism,-0.227152389622341,4.781310934672243e-14,-1.195236226760218,Down,1,low/strain-specific,False,False,0,,False,False,0.0,0.0,0.0,0.0,Stable
GTHPm,Glutathione peroxidase  mitochondria,Glutathione Metabolism,-0.227152389622341,4.781310934672243e-14,-1.195236226760218,Down,1,low/strain-specific,False,False,0,,False,False,0.0,0.0,0.0,0.0,Stable
H2O2tm,"Hydrogen peroxide transport via diffusion, mitochondria","Transport, Mitochondrial",-0.2230639666575371,3.621595506651225e-13,-1.104912847608648,Down,1,low/strain-specific,False,True,11,MCs,False,False,0.0,0.0,0.0,0.0,Stable
PROD2m,Proline dehydrogenase (m),Arginine and Proline Metabolism,-0.2219950025782184,2.181013047637574e-12,-1.5094307410845054,Down,5,moderate,False,True,12,aHSCs,False,False,0.0,0.0,0.0,0.0,Stable
MALtm,Malate transport  mitochondrial,"Transport, Mitochondrial",0.3222600742431343,6.183485784333935e-10,1.2220287439669573,Up,0,low/strain-specific,False,True,7,Neutrophiles,True,False,1.5603426753240002,-0.196465818759,98.4393597194068,1.5606402805931876,Diet (opposed by microbiome)
MTHFD2i,Methylenetetrahydrofolate dehydrogenase  NAD ,Folate Metabolism,0.2002869576146465,6.809067619323987e-10,0.9289841774042644,Up,4,moderate,False,True,14,"Trem2+, Spp1+ MdM",False,False,0.0,0.0,0.0,0.0,Stable
EX_h2o_e,H2O exchange,Extracellular exchange,-0.2437896094599972,1.061351039032402e-07,-1.094006021115864,Down,2,partial,False,True,3,Cholangiocytes,False,False,-7.103828627565001,-0.0002495882529993,99.9999998765579,1.2344210810543545e-07,Diet
H2Ot,H2O transport via diffusion,"Transport, Extracellular",0.2415916157512374,1.585497405050636e-07,1.084416268214898,Up,1,low/strain-specific,False,True,16,T cells,False,False,5.103828627565001,0.0002495882530002,99.99999976085785,2.391421416394751e-07,Diet
RTOT1,R total flux,R Group Synthesis,-0.2875955156119344,2.0194360174350057e-07,-1.3093305374629491,Down,5,moderate,False,True,23,"Ly6c2-, Spn+ Mo",True,False,-13.96753091682,-0.4375,99.90198535954836,0.098014640451638,Diet
ARTFR12,R group artificial flux (C16:1),R Group Synthesis,-0.2864153743134051,2.187369461818426e-07,-1.304502892124004,Down,5,moderate,False,True,3,"Ly6c2-, Spn+ Mo",False,False,-14.40503091682,0.0,100.0,0.0,Diet
RTOT4,R total flux,R Group Synthesis,-0.221901325057074,0.0002123725442286,-0.994181172278608,Down,7,high,False,True,8,aHSCs,True,False,9.599674399193,0.4877333638259991,99.7425266466264,0.2574733533736071,Diet
ARTFR41,R group artificial flux,R Group Synthesis,-0.2162767214687999,0.0003110612984179,-0.9695398129925046,Down,7,high,False,True,11,aHSCs,True,False,10.162174399192,0.0502333638279992,99.99755656594222,0.0024434340577797,Diet
