reaction_id,flux_scd_baseline,flux_hfd_no_microbiome,flux_hfd_with_microbiome,delta_diet,delta_microbiome,delta_total,abs_diet_contribution,abs_microbiome_contribution,variance_explained_diet,variance_explained_microbiome,effect_type,interaction,opposing_effects,cohens_d_diet,cohens_d_microbiome,diet_effect_size,microbiome_effect_size,dominant_driver,pct_diet_contribution_legacy,pct_microbiome_contribution_legacy,ReactionName,Subsystem,threshold_attributable_abs_delta_ge_0p01,HFD_microbiome_flux_delta
DHCR72r,0.0,0.0,0.010275392294,0.0,0.010275392294,0.010275392294,0.0,0.010275392294,0.0,100.0,Synergistic,Microbiome-dominated synergy,False,0.0,0.0,Small,Small,Microbiome,0.0,100.0,7-dehydrocholesterol reductase,Cholesterol Metabolism,True,0.010275392294
DHCR242r,0.0,0.0,0.010275392294,0.0,0.010275392294,0.010275392294,0.0,0.010275392294,0.0,100.0,Synergistic,Microbiome-dominated synergy,False,0.0,0.0,Small,Small,Microbiome,0.0,100.0,24-dehydrocholesterol reductase [Precursor],Cholesterol Metabolism,True,0.010275392294
LSTO2r,0.0,0.0,0.010275392294,0.0,0.010275392294,0.010275392294,0.0,0.010275392294,0.0,100.0,Synergistic,Microbiome-dominated synergy,False,0.0,0.0,Small,Small,Microbiome,0.0,100.0,Lathosterol oxidase,Cholesterol Metabolism,True,0.010275392294
LEUTAm,0.0,0.0,-0.1,0.0,-0.1,-0.1,0.0,0.1,0.0,100.0,Synergistic,Microbiome-dominated synergy,False,0.0,0.0,Small,Small,Microbiome,0.0,100.0,Leucine transaminase  mitochondrial,"Valine, Leucine, and Isoleucine Metabolism",True,-0.1
LEUt5m,0.0,0.0,-0.1,0.0,-0.1,-0.1,0.0,0.1,0.0,100.0,Synergistic,Microbiome-dominated synergy,False,0.0,0.0,Small,Small,Microbiome,0.0,100.0,Leucine mitochondrial transport,"Transport, Mitochondrial",True,-0.1
RTOT_3,0.0,0.0,0.437500000004,0.0,0.437500000004,0.437500000004,0.0,0.437500000004,0.0,100.0,Synergistic,Microbiome-dominated synergy,False,0.0,0.0,Small,Small,Microbiome,0.0,100.0,R total flux 3 position,R Group Synthesis,True,0.437500000004
ILETAm,0.0,0.0,-0.1,0.0,-0.1,-0.1,0.0,0.1,0.0,100.0,Synergistic,Microbiome-dominated synergy,False,0.0,0.0,Small,Small,Microbiome,0.0,100.0,Isoleucine transaminase  mitochondrial,"Valine, Leucine, and Isoleucine Metabolism",True,-0.1
ILETA,0.0,0.0,0.1,0.0,0.1,0.1,0.0,0.1,0.0,100.0,Synergistic,Microbiome-dominated synergy,False,0.0,0.0,Small,Small,Microbiome,0.0,100.0,Isoleucine transaminase,"Valine, Leucine, and Isoleucine Metabolism",True,0.1
LEUTA,0.0,0.0,0.1,0.0,0.1,0.1,0.0,0.1,0.0,100.0,Synergistic,Microbiome-dominated synergy,False,0.0,0.0,Small,Small,Microbiome,0.0,100.0,Leucine transaminase,"Valine, Leucine, and Isoleucine Metabolism",True,0.1
3MOPt2im,0.0,0.0,0.1,0.0,0.1,0.1,0.0,0.1,0.0,100.0,Synergistic,Microbiome-dominated synergy,False,0.0,0.0,Small,Small,Microbiome,0.0,100.0,3-Methyl-2-oxopentanoate mitochondrial transport via proton symport,"Transport, Mitochondrial",True,0.1
4MOPt2im,0.0,0.0,0.1,0.0,0.1,0.1,0.0,0.1,0.0,100.0,Synergistic,Microbiome-dominated synergy,False,0.0,0.0,Small,Small,Microbiome,0.0,100.0,4-methyl-2-oxopentanoate mitochondrial transport  via proton symport,"Transport, Mitochondrial",True,0.1
H2O2syn,0.1,0.1,0.0,0.0,-0.1,-0.1,0.0,0.1,0.0,100.0,Synergistic,Microbiome-dominated synergy,False,0.0,-1.0,Small,Large,Microbiome,0.0,100.0,Hydrogen peroxide synthesis (NADPH dependent),Tyrosine metabolism,True,-0.1
G6PDH2er,0.0,0.0,0.015077484532,0.0,0.015077484532,0.015077484532,0.0,0.015077484532,0.0,100.0,Synergistic,Microbiome-dominated synergy,False,0.0,0.0,Small,Small,Microbiome,0.0,100.0,Glucose 6 phosphate dehydrogenase  endoplasmic reticulum,Pentose Phosphate Pathway,True,0.015077484532
ARTPLM3,0.0,0.0,0.875000000007,0.0,0.875000000007,0.875000000007,0.0,0.875000000007,0.0,100.0,Synergistic,Microbiome-dominated synergy,False,0.0,0.0,Small,Small,Microbiome,0.0,100.0,R group to palmitate conversion,R Group Synthesis,True,0.875000000007
G6PDH1er_copy2,0.0,0.0,-0.015077484532,0.0,-0.015077484532,-0.015077484532,0.0,0.015077484532,0.0,100.0,Synergistic,Microbiome-dominated synergy,False,0.0,0.0,Small,Small,Microbiome,0.0,100.0,"Glucose-6-phosphate dehydrogenase, endoplasmic reticulum",Pentose Phosphate Pathway,True,-0.015077484532
ILEtmi,0.0,0.0,0.1,0.0,0.1,0.1,0.0,0.1,0.0,100.0,Synergistic,Microbiome-dominated synergy,False,0.0,0.0,Small,Small,Microbiome,0.0,100.0,Isoleucine transport from mitochondria to cytosol,"Transport, Mitochondrial",True,0.1
BTNt2i,-0.094875334649,0.0,-0.406101348529,0.094875334649,-0.406101348529,-0.31122601388,0.094875334649,0.406101348529,5.175568104037436,94.82443189596256,Antagonistic,Microbiome overcomes diet,True,1.0,0.0,Large,Small,Microbiome (opposed by diet),30.48438447230226,130.48438447230225,Biotin uptake,"Transport, Extracellular",True,-0.406101348529
BTNt4i,0.094875334649,0.0,0.406101348529,-0.094875334649,0.406101348529,0.31122601388,0.094875334649,0.406101348529,5.175568104037436,94.82443189596256,Antagonistic,Microbiome overcomes diet,True,-1.0,0.0,Large,Small,Microbiome (opposed by diet),30.48438447230226,130.48438447230225,Biotin uptake (antiport),"Transport, Extracellular",True,0.406101348529
SERALANaEx,0.0,0.287912347649,1.1,0.287912347649,0.8120876523510001,1.1,0.287912347649,0.8120876523510001,11.165916900083047,88.83408309991697,Synergistic,Microbiome-dominated synergy,False,0.0,2.820607240301598,Small,Large,Microbiome,26.17384978627272,73.82615021372729,L-alanine/L-serine Na-dependent exchange (Ser-L in),"Transport, Extracellular",True,0.8120876523510001
DHCR71r,0.015393248383,0.01027714452,0.0,-0.005116103863,-0.01027714452,-0.015393248383,0.005116103863,0.01027714452,19.86014188643697,80.13985811356304,Synergistic,Microbiome-dominated synergy,False,-0.3323602488380636,-1.0,Medium,Large,Microbiome,33.23602488380636,66.76397511619363,7-dehydrocholesterol reductase,Cholesterol Metabolism,True,-0.01027714452
LSTO1r,0.015393248383,0.01027714452,0.0,-0.005116103863,-0.01027714452,-0.015393248383,0.005116103863,0.01027714452,19.86014188643697,80.13985811356304,Synergistic,Microbiome-dominated synergy,False,-0.3323602488380636,-1.0,Medium,Large,Microbiome,33.23602488380636,66.76397511619363,Lathosterol oxidase,Cholesterol Metabolism,True,-0.01027714452
DHCR243r,0.015393248383,0.01027714452,0.0,-0.005116103863,-0.01027714452,-0.015393248383,0.005116103863,0.01027714452,19.86014188643697,80.13985811356304,Synergistic,Microbiome-dominated synergy,False,-0.3323602488380636,-1.0,Medium,Large,Microbiome,33.23602488380636,66.76397511619363,24-dehydrocholesterol reductase [Precursor],Cholesterol Metabolism,True,-0.01027714452
H2O2tp,0.0,-0.05,-0.15,-0.05,-0.0999999999999999,-0.15,0.05,0.0999999999999999,20.000000000000007,80.0,Synergistic,Microbiome-dominated synergy,False,0.0,-2.0,Small,Large,Microbiome,33.333333333333336,66.66666666666666,"Hydrogen peroxide transport via diffusion, glyoxysome","Transport, Peroxisomal",True,-0.0999999999999999
SERt4,1.4,0.812087652351,0.0,-0.5879123476489999,-0.812087652351,-1.4,0.5879123476489999,0.812087652351,34.3877769662788,65.61222303372121,Synergistic,Microbiome-dominated synergy,False,-0.4199373911778571,-1.0,Medium,Large,Microbiome,41.99373911778571,58.00626088221429,L-serine via sodium symport,"Transport, Extracellular",True,-0.812087652351
LALDO2x,0.0,1.557928521047,0.0,1.557928521047,-1.557928521047,0.0,1.557928521047,1.557928521047,50.0,50.0,Negligible,,False,0.0,-1.0,Small,Large,Stable,0.0,0.0,D-Lactaldehyde:NAD+ 1-oxidoreductase,Pyruvate Metabolism,True,-1.557928521047
LALDD,0.0,1.557928521047,0.0,1.557928521047,-1.557928521047,0.0,1.557928521047,1.557928521047,50.0,50.0,Negligible,,False,0.0,-1.0,Small,Large,Stable,0.0,0.0,D-lactaldehyde dehydrogenase,Pyruvate Metabolism,True,-1.557928521047
HSD3A2r,0.0,-0.01508858196,0.0,-0.01508858196,0.01508858196,0.0,0.01508858196,0.01508858196,50.0,50.0,Negligible,,False,0.0,1.0,Small,Large,Stable,0.0,0.0,3 alpha-hydroxysteroid dehydrogenase (type 3),Steroid Metabolism,True,0.01508858196
ALAt2r,-4.345958913282,-3.469778219205,-2.660124628906,0.8761806940769996,0.8096535902990003,1.685834284376,0.8761806940769996,0.8096535902990003,53.94010633008261,46.05989366991739,Synergistic,Diet-dominated synergy,False,0.2016081402424768,0.2333444788538989,Medium,Medium,Diet,51.97312109483596,48.02687890516405,L alanine reversible transport via proton symport,"Transport, Extracellular",True,0.8096535902990003
HSD3A1r,0.010224755931,0.02740571872,0.012323561587,0.017180962789,-0.015082157133,0.0020988056559999,0.017180962789,0.015082157133,56.47786459860487,43.522135401395126,Antagonistic,Balanced opposition,True,1.6803298685017771,-0.550328830529572,Large,Medium,Diet (opposed by microbiome),818.606655641679,718.6066556416791,3 alpha-hydroxysteroid dehydrogenase (type 3),Steroid Metabolism,True,-0.015082157133
RTOT_2,0.0,0.562499999999,0.125000000001,0.562499999999,-0.437499999998,0.125000000001,0.562499999999,0.437499999998,62.30769230782352,37.69230769217648,Antagonistic,Balanced opposition,True,0.0,-0.777777777775605,Small,Medium,Diet (opposed by microbiome),449.9999999956,349.99999999560004,R total flux 2 position,R Group Synthesis,True,-0.437499999998
ARTPLM2,-0.098345753555,1.059340465565,0.184351660343,1.15768621912,-0.8749888052220001,0.2826974138979999,1.15768621912,0.8749888052220001,63.64375287359286,36.35624712640714,Antagonistic,Balanced opposition,True,11.771593355808315,-0.8259750605819859,Large,Large,Diet (opposed by microbiome),409.514258781902,309.514258781902,R group to palmitate conversion,R Group Synthesis,True,-0.8749888052220001
GLUt2m,-0.303535643469,-0.5735109775,-0.374749108923,-0.269975334031,0.198761868577,-0.0712134654539999,0.269975334031,0.198761868577,64.84986255966483,35.15013744033518,Antagonistic,Balanced opposition,True,-0.8894353590423474,0.3465702948589158,Large,Medium,Diet (opposed by microbiome),379.1071426026716,279.1071426026716,"Amino acid transporter (glu-L), mitochondrial","Transport, Mitochondrial",True,0.198761868577
RDH1a,2.001244014724,0.0,1.462498272708,-2.001244014724,1.462498272708,-0.538745742016,2.001244014724,1.462498272708,65.18646825793948,34.81353174206052,Antagonistic,Balanced opposition,True,-1.0,0.0,Large,Small,Diet (opposed by microbiome),371.463541824998,271.463541824998,"Retinol dehydrogenase (all-trans,NADPH)",Vitamin A Metabolism,True,1.462498272708
RDH1,-2.001244014724,0.0,-1.462498272708,2.001244014724,-1.462498272708,0.538745742016,2.001244014724,1.462498272708,65.18646825793948,34.81353174206052,Antagonistic,Balanced opposition,True,1.0,0.0,Large,Small,Diet (opposed by microbiome),371.463541824998,271.463541824998,Retinol dehydrogenase (all-trans),Vitamin A Metabolism,True,-1.462498272708
H2Otp,0.0,-0.738396553281,-0.638163092103,-0.738396553281,0.1002334611779999,-0.638163092103,0.738396553281,0.1002334611779999,98.19067584047278,1.8093241595272185,Antagonistic,Diet overcomes microbiome,True,0.0,0.1357447576544356,Small,Small,Diet (opposed by microbiome),115.70655878071716,15.706558780717163,H2O transport  peroxisomal,"Transport, Peroxisomal",True,0.1002334611779999
MALtm,3.636275807548,5.196618482872,5.000152664113,1.5603426753240002,-0.196465818759,1.363876856565,1.5603426753240002,0.196465818759,98.4393597194068,1.5606402805931876,Antagonistic,Diet overcomes microbiome,True,0.4291045998450168,-0.0378064734608764,Medium,Small,Diet (opposed by microbiome),114.4049528968334,14.40495289683338,Malate transport  mitochondrial,"Transport, Mitochondrial",True,-0.196465818759
CATp,0.0,0.616297414961,0.566122319077,0.616297414961,-0.050175095884,0.566122319077,0.616297414961,0.050175095884,99.34154418641032,0.6584558135896857,Antagonistic,Diet overcomes microbiome,True,0.0,-0.0814137698227651,Small,Small,Diet (opposed by microbiome),108.86294254672823,8.862942546728242,Catalase A  peroxisomal,Miscellaneous,True,-0.050175095884
O2tp,0.0,0.666297414962,0.716122319077,0.666297414962,0.0498249041149999,0.716122319077,0.666297414962,0.0498249041149999,99.44392299665785,0.556077003342145,Synergistic,Diet-dominated synergy,False,0.0,0.0747787744574118,Small,Small,Diet,93.04240312196684,6.9575968780331525,O2 transport glycosome,"Transport, Peroxisomal",True,0.0498249041149999
PIt2m_2,13.673691676208,10.906483943149,10.707045255282,-2.7672077330589997,-0.1994386878669996,-2.966646420925999,2.7672077330589997,0.1994386878669996,99.48324435301164,0.5167556469883531,Synergistic,Diet-dominated synergy,False,-0.2023745889980754,-0.0182862496205551,Medium,Small,Diet,93.2773017215598,6.7226982784401885,Phosphate mitochondrial transport via proton symport,,True,-0.1994386878669996
AKGMALtm,-16.904059594087,-13.996885811042,-13.798750573672,2.907173783044998,0.1981352373699998,3.105309020414998,2.907173783044998,0.1981352373699998,99.5376521476598,0.4623478523402023,Synergistic,Diet-dominated synergy,False,0.1719808053718599,0.0141556657705739,Small,Small,Diet,93.61946794771748,6.380532052282538,"Dicarboxylate/tricarboxylate carrier (mal:akg), mitochondrial","Transport, Mitochondrial",True,0.1981352373699998
RTOT4,0.0,9.599674399193,10.087407763019,9.599674399193,0.4877333638259991,10.087407763019,9.599674399193,0.4877333638259991,99.7425266466264,0.2574733533736071,Synergistic,Diet-dominated synergy,False,0.0,0.050807281949792,Small,Small,Diet,95.164928638911,4.835071361088989,R total flux,R Group Synthesis,True,0.4877333638259991
RTOT1,14.40503091682,0.4375,0.0,-13.96753091682,-0.4375,-14.40503091682,13.96753091682,0.4375,99.90198535954836,0.098014640451638,Synergistic,Diet-dominated synergy,False,-0.9696286663648076,-1.0,Large,Large,Diet,96.96286663648075,3.0371333635192284,R total flux,R Group Synthesis,True,-0.4375
DESAT16_2,14.40503091682,11.218819229072,11.269018174696,-3.186211687747999,0.0501989456240004,-3.1360127421239987,3.186211687747999,0.0501989456240004,99.9751839788884,0.0248160211116045,Antagonistic,Diet overcomes microbiome,True,-0.2211874244592996,0.0044745302156145,Medium,Small,Diet (opposed by microbiome),101.60072518040856,1.6007251804085787,Palmitoyl-CoA desaturase (n-C16:0CoA -> n-C16:1CoA),Fatty acid elongation,True,0.0501989456240004
ARTPLM1,14.29984371954,9.966947244973,10.01719258234,-4.332896474567001,0.0502453373670004,-4.2826511372,4.332896474567001,0.0502453373670004,99.98655451380766,0.0134454861923429,Antagonistic,Diet overcomes microbiome,True,-0.3030030648968786,0.0050411962792662,Medium,Small,Diet (opposed by microbiome),101.17322975319094,1.1732297531909373,R group to palmitate conversion,R Group Synthesis,True,0.0502453373670004
G3PD2m,17.037522389249,12.063004184622,12.113389226231,-4.974518204626998,0.0503850416089992,-4.924133163017999,4.974518204626998,0.0503850416089992,99.98974214295396,0.0102578570460566,Antagonistic,Diet overcomes microbiome,True,-0.291974272489644,0.0041768236865266,Medium,Small,Diet (opposed by microbiome),101.02322662570154,1.0232266257015334,"Glycerol-3-phosphate dehydrogenase (FAD), mitochondrial",Glycolysis/Gluconeogenesis,True,0.0503850416089992
G3PD1ir,16.139288864667,11.130947528949,11.1813209864,-5.008341335718002,0.0503734574510001,-4.957967878267002,5.008341335718002,0.0503734574510001,99.98988486346954,0.0101151365304505,Antagonistic,Diet overcomes microbiome,True,-0.3103198274542649,0.0045255318399435,Medium,Small,Diet (opposed by microbiome),101.01601016157868,1.0160101615786916,Glycerol 3 phosphate dehydrogenase  NAD ,Glycerophospholipid Metabolism,True,0.0503734574510001
ARTFR41,0.0,10.162174399192,10.21240776302,10.162174399192,0.0502333638279992,10.21240776302,10.162174399192,0.0502333638279992,99.99755656594222,0.0024434340577797,Synergistic,Diet-dominated synergy,False,0.0,0.0049431708072234,Small,Small,Diet,99.5081143938465,0.4918856061535122,R group artificial flux,R Group Synthesis,True,0.0502333638279992
