scenario,n_threshold_attributable,overlap_with_primary,jaccard_with_primary,primary_set_retained_pct,objective,portal_mode,portal_scaling,n_HFD_reactions_abs_delta_ge_0p01,biological_objective_baseline,biological_objective_with_microbiome,objective_delta,objective_delta_pct
primary,47,47,1.0,100.0,biomass,forced,0.1,47,0.5709524733336785,0.5708551274707482,-9.734586293030922e-05,-0.017049731365892155
objective_atpm,37,20,0.3125,42.5531914893617,atpm,forced,0.1,37,26.519252873563296,26.51475583296135,-0.004497040601947333,-0.01695764440796285
portal_mode_soft,52,43,0.7678571428571429,91.48936170212765,biomass,soft,0.1,52,0.5709524733336785,0.570913534988507,-3.893834517143535e-05,-0.006819892546236302
portal_mode_availability,18,18,0.3829787234042553,38.297872340425535,biomass,availability,0.1,18,0.5709524733336785,0.5709524733336785,0.0,0.0
portal_scale_0p05,41,34,0.6296296296296297,72.34042553191489,biomass,forced,0.05,41,0.5709524733336785,0.5709038004022127,-4.8672931465820746e-05,-0.008524865683062748
portal_scale_0p2,43,33,0.5789473684210527,70.2127659574468,biomass,forced,0.2,43,0.5709524733336785,0.5707577816078186,-0.0001946917258598413,-0.0340994627316482
micom_tradeoff_0p3,34,27,0.5,57.4468085106383,biomass,forced,0.1,34,0.5709524733336785,0.5708940576612922,-5.841567238629164e-05,-0.010231267069431206
micom_tradeoff_0p7,33,24,0.42857142857142855,51.06382978723404,biomass,forced,0.1,33,0.5709524733336785,0.5708156291843783,-0.00013684414930015265,-0.023967695332178306
mapping_sensitivity_28_species,47,47,1.0,100.0,biomass,forced,0.1,47,0.5709524733336785,0.5708551274707482,-9.734586293030922e-05,-0.017049731365892155
