species,draft_species,model_file,model_path,included,mapping_status,mapping_basis,manual_review,notes
Aeromonas hydrophila subsp hydrophila ATCC 7966,Aeromonas_hydrophila_subsp_hydrophila_ATCC_7966,Aeromonas_hydrophila_subsp_hydrophila_ATCC_7966.mat,C:\Users\rolan\AGORA2_mat\Aeromonas_hydrophila_subsp_hydrophila_ATCC_7966.mat,True,validated_exact,exact,complete,AUTO_PROPOSED_REVIEW_BEFORE_PUBLICATION
Agrobacterium fabrum str C58,Agrobacterium_fabrum_str_C58,Agrobacterium_fabrum_str_C58.mat,C:\Users\rolan\AGORA2_mat\Agrobacterium_fabrum_str_C58.mat,True,validated_exact,exact,complete,AUTO_PROPOSED_REVIEW_BEFORE_PUBLICATION
Amycolatopsis mediterranei U32,Amycolatopsis_mediterranei_U32,,,False,excluded_from_primary,unmatched,complete,MANUAL_REVIEW_REQUIRED
Bacillus subtilis subsp subtilis str 168,Bacillus_subtilis_subsp_subtilis_str_168,,,False,excluded_from_primary,ambiguous,complete,MANUAL_REVIEW_REQUIRED
Bacteroides fragilis NCTC 9343 strain ATCC 25285,Bacteroides_fragilis_NCTC_9343_strain_ATCC_25285,Bacteroides_fragilis_NCTC_9343.mat,C:\Users\rolan\AGORA2_mat\Bacteroides_fragilis_NCTC_9343.mat,True,validated_strain_synonym,verified_strain_synonym_NCTC9343_ATCC25285,complete,Primary RQ4: verified NCTC 9343 / ATCC 25285 strain synonym.
Bacteroides fragilis YCH46,Bacteroides_fragilis_YCH46,Bacteroides_fragilis_YCH46.mat,C:\Users\rolan\AGORA2_mat\Bacteroides_fragilis_YCH46.mat,True,validated_exact,exact,complete,AUTO_PROPOSED_REVIEW_BEFORE_PUBLICATION
Bacteroides thetaiotaomicron VPI_5482,Bacteroides_thetaiotaomicron_VPI_5482,Bacteroides_thetaiotaomicron_VPI_5482.mat,C:\Users\rolan\AGORA2_mat\Bacteroides_thetaiotaomicron_VPI_5482.mat,True,validated_exact,exact,complete,AUTO_PROPOSED_REVIEW_BEFORE_PUBLICATION
Bifidobacterium bifidum PRL2010,Bifidobacterium_bifidum_PRL2010,Bifidobacterium_bifidum_PRL2010.mat,C:\Users\rolan\AGORA2_mat\Bifidobacterium_bifidum_PRL2010.mat,True,validated_exact,exact,complete,AUTO_PROPOSED_REVIEW_BEFORE_PUBLICATION
Bifidobacterium longum NCC2705,Bifidobacterium_longum_NCC2705,Bifidobacterium_longum_NCC2705.mat,C:\Users\rolan\AGORA2_mat\Bifidobacterium_longum_NCC2705.mat,True,validated_exact,exact,complete,AUTO_PROPOSED_REVIEW_BEFORE_PUBLICATION
Burkholderia mallei ATCC 23344,Burkholderia_mallei_ATCC_23344,,,False,excluded_from_primary,unmatched,complete,MANUAL_REVIEW_REQUIRED
Campylobacter jejuni subsp jejuni NCTC 11168 = ATCC 700819,Campylobacter_jejuni_subsp_jejuni_NCTC_11168_=_ATCC_700819,Campylobacter_jejuni_subsp_jejuni_NCTC_11168_BN148.mat,C:\Users\rolan\AGORA2_mat\Campylobacter_jejuni_subsp_jejuni_NCTC_11168_BN148.mat,True,included_strain_variant_proxy_sensitivity,strain_variant_proxy_NCTC11168_BN148,complete,Mapping sensitivity only: BN148 is a documented NCTC 11168 variant; not treated as an exact primary mapping.
Chlorobium tepidum TLS,Chlorobium_tepidum_TLS,,,False,excluded_from_primary,unmatched,complete,MANUAL_REVIEW_REQUIRED
Chloroflexus aurantiacus J_10_fl,Chloroflexus_aurantiacus_J_10_fl,,,False,excluded_from_primary,unmatched,complete,MANUAL_REVIEW_REQUIRED
Clostridium acetobutylicum ATCC 824,Clostridium_acetobutylicum_ATCC_824,Clostridium_acetobutylicum_ATCC_824.mat,C:\Users\rolan\AGORA2_mat\Clostridium_acetobutylicum_ATCC_824.mat,True,validated_exact,exact,complete,AUTO_PROPOSED_REVIEW_BEFORE_PUBLICATION
Clostridium botulinum A str ATCC 3502,Clostridium_botulinum_A_str_ATCC_3502,Clostridium_botulinum_A_str_ATCC_3502.mat,C:\Users\rolan\AGORA2_mat\Clostridium_botulinum_A_str_ATCC_3502.mat,True,validated_exact,exact,complete,AUTO_PROPOSED_REVIEW_BEFORE_PUBLICATION
Deinococcus radiodurans R1,Deinococcus_radiodurans_R1,,,False,excluded_from_primary,unmatched,complete,MANUAL_REVIEW_REQUIRED
Desulfovibrio vulgaris str Hildenborough,Desulfovibrio_vulgaris_str_Hildenborough,,,False,excluded_from_primary,unmatched,complete,MANUAL_REVIEW_REQUIRED
Enterobacter aerogenes KCTC 2190,Enterobacter_aerogenes_KCTC_2190,Enterobacter_aerogenes_KCTC_2190.mat,C:\Users\rolan\AGORA2_mat\Enterobacter_aerogenes_KCTC_2190.mat,True,validated_exact,exact,complete,AUTO_PROPOSED_REVIEW_BEFORE_PUBLICATION
Enterobacter cloacae subsp cloacae ATCC 13047,Enterobacter_cloacae_subsp_cloacae_ATCC_13047,Enterobacter_cloacae_subsp_cloacae_ATCC_13047.mat,C:\Users\rolan\AGORA2_mat\Enterobacter_cloacae_subsp_cloacae_ATCC_13047.mat,True,validated_exact,exact,complete,AUTO_PROPOSED_REVIEW_BEFORE_PUBLICATION
Enterococcus faecalis V583,Enterococcus_faecalis_V583,Enterococcus_faecalis_V583.mat,C:\Users\rolan\AGORA2_mat\Enterococcus_faecalis_V583.mat,True,validated_exact,exact,complete,AUTO_PROPOSED_REVIEW_BEFORE_PUBLICATION
Enterococcus faecium DO,Enterococcus_faecium_DO,Enterococcus_faecium_DO.mat,C:\Users\rolan\AGORA2_mat\Enterococcus_faecium_DO.mat,True,validated_exact,exact,complete,AUTO_PROPOSED_REVIEW_BEFORE_PUBLICATION
Escherichia coli K_12,Escherichia_coli_K_12,,,False,excluded_from_primary,ambiguous,complete,MANUAL_REVIEW_REQUIRED
Escherichia coli UMN026,Escherichia_coli_UMN026,Escherichia_coli_UMN026.mat,C:\Users\rolan\AGORA2_mat\Escherichia_coli_UMN026.mat,True,validated_exact,exact,complete,AUTO_PROPOSED_REVIEW_BEFORE_PUBLICATION
Escherichia coli str K_12 substr MG1655,Escherichia_coli_str_K_12_substr_MG1655,Escherichia_coli_str_K_12_substr_MG1655.mat,C:\Users\rolan\AGORA2_mat\Escherichia_coli_str_K_12_substr_MG1655.mat,True,validated_exact,exact,complete,AUTO_PROPOSED_REVIEW_BEFORE_PUBLICATION
Flavobacterium psychrophilum JIP02/86,Flavobacterium_psychrophilum_JIP02/86,,,False,excluded_from_primary,unmatched,complete,MANUAL_REVIEW_REQUIRED
Fusobacterium nucleatum subsp nucleatum ATCC 25586,Fusobacterium_nucleatum_subsp_nucleatum_ATCC_25586,Fusobacterium_nucleatum_subsp_nucleatum_ATCC_25586.mat,C:\Users\rolan\AGORA2_mat\Fusobacterium_nucleatum_subsp_nucleatum_ATCC_25586.mat,True,validated_exact,exact,complete,AUTO_PROPOSED_REVIEW_BEFORE_PUBLICATION
Geobacter sulfurreducens PCA,Geobacter_sulfurreducens_PCA,,,False,excluded_from_primary,unmatched,complete,MANUAL_REVIEW_REQUIRED
Helicobacter pylori 26695,Helicobacter_pylori_26695,Helicobacter_pylori_26695.mat,C:\Users\rolan\AGORA2_mat\Helicobacter_pylori_26695.mat,True,validated_exact,exact,complete,AUTO_PROPOSED_REVIEW_BEFORE_PUBLICATION
Ketogulonicigenium vulgare WSH_001,Ketogulonicigenium_vulgare_WSH_001,,,False,excluded_from_primary,unmatched,complete,MANUAL_REVIEW_REQUIRED
Klebsiella pneumoniae subsp pneumoniae HS11286,Klebsiella_pneumoniae_subsp_pneumoniae_HS11286,Klebsiella_pneumoniae_subsp_pneumoniae_HS11286.mat,C:\Users\rolan\AGORA2_mat\Klebsiella_pneumoniae_subsp_pneumoniae_HS11286.mat,True,validated_exact,exact,complete,AUTO_PROPOSED_REVIEW_BEFORE_PUBLICATION
Lactobacillus acidophilus NCFM,Lactobacillus_acidophilus_NCFM,Lactobacillus_acidophilus_NCFM.mat,C:\Users\rolan\AGORA2_mat\Lactobacillus_acidophilus_NCFM.mat,True,validated_exact,exact,complete,AUTO_PROPOSED_REVIEW_BEFORE_PUBLICATION
Lactobacillus salivarius UCC118,Lactobacillus_salivarius_UCC118,,,False,excluded_from_primary,ambiguous,complete,MANUAL_REVIEW_REQUIRED
Lactococcus lactis subsp lactis Il1403,Lactococcus_lactis_subsp_lactis_Il1403,Lactococcus_lactis_subsp_lactis_Il1403.mat,C:\Users\rolan\AGORA2_mat\Lactococcus_lactis_subsp_lactis_Il1403.mat,True,validated_exact,exact,complete,AUTO_PROPOSED_REVIEW_BEFORE_PUBLICATION
Legionella pneumophila subsp pneumophila str Philadelphia 1,Legionella_pneumophila_subsp_pneumophila_str_Philadelphia_1,,,False,excluded_from_primary,unmatched,complete,MANUAL_REVIEW_REQUIRED
Mesoplasma florum L1,Mesoplasma_florum_L1,,,False,excluded_from_primary,unmatched,complete,MANUAL_REVIEW_REQUIRED
Moorella thermoacetica ATCC 39073,Moorella_thermoacetica_ATCC_39073,,,False,excluded_from_primary,unmatched,complete,MANUAL_REVIEW_REQUIRED
Neisseria gonorrhoeae FA 1090,Neisseria_gonorrhoeae_FA_1090,,,False,excluded_from_primary,unmatched,complete,MANUAL_REVIEW_REQUIRED
Pseudomonas syringae pv syringae B728a,Pseudomonas_syringae_pv_syringae_B728a,,,False,excluded_from_primary,unmatched,complete,MANUAL_REVIEW_REQUIRED
Pseudomonas syringae pv tomato str DC3000,Pseudomonas_syringae_pv_tomato_str_DC3000,,,False,excluded_from_primary,unmatched,complete,MANUAL_REVIEW_REQUIRED
Rhodobacter sphaeroides 241,Rhodobacter_sphaeroides_241,,,False,excluded_from_primary,unmatched,complete,MANUAL_REVIEW_REQUIRED
Rhodospirillum rubrum ATCC 11170,Rhodospirillum_rubrum_ATCC_11170,,,False,excluded_from_primary,unmatched,complete,MANUAL_REVIEW_REQUIRED
Salmonella enterica subsp enterica serovar Typhi str CT18,Salmonella_enterica_subsp_enterica_serovar_Typhi_str_CT18,Salmonella_enterica_subsp_enterica_serovar_Typhi_str_CT18.mat,C:\Users\rolan\AGORA2_mat\Salmonella_enterica_subsp_enterica_serovar_Typhi_str_CT18.mat,True,validated_exact,exact,complete,AUTO_PROPOSED_REVIEW_BEFORE_PUBLICATION
Sinorhizobium fredii NGR234,Sinorhizobium_fredii_NGR234,,,False,excluded_from_primary,unmatched,complete,MANUAL_REVIEW_REQUIRED
Sinorhizobium meliloti 1021,Sinorhizobium_meliloti_1021,,,False,excluded_from_primary,unmatched,complete,MANUAL_REVIEW_REQUIRED
Staphylococcus aureus subsp aureus NCTC 8325,Staphylococcus_aureus_subsp_aureus_NCTC_8325,Staphylococcus_aureus_subsp_aureus_NCTC_8325.mat,C:\Users\rolan\AGORA2_mat\Staphylococcus_aureus_subsp_aureus_NCTC_8325.mat,True,validated_exact,exact,complete,AUTO_PROPOSED_REVIEW_BEFORE_PUBLICATION
Staphylococcus epidermidis ATCC 12228,Staphylococcus_epidermidis_ATCC_12228,Staphylococcus_epidermidis_ATCC_12228.mat,C:\Users\rolan\AGORA2_mat\Staphylococcus_epidermidis_ATCC_12228.mat,True,validated_exact,exact,complete,AUTO_PROPOSED_REVIEW_BEFORE_PUBLICATION
Streptococcus agalactiae 2603V/R,Streptococcus_agalactiae_2603V/R,Streptococcus_agalactiae_2603V_R.mat,C:\Users\rolan\AGORA2_mat\Streptococcus_agalactiae_2603V_R.mat,True,validated_exact,exact,complete,AUTO_PROPOSED_REVIEW_BEFORE_PUBLICATION
Streptococcus mitis B6,Streptococcus_mitis_B6,Streptococcus_mitis_B6.mat,C:\Users\rolan\AGORA2_mat\Streptococcus_mitis_B6.mat,True,validated_exact,exact,complete,AUTO_PROPOSED_REVIEW_BEFORE_PUBLICATION
Streptococcus pneumoniae R6,Streptococcus_pneumoniae_R6,Streptococcus_pneumoniae_R6.mat,C:\Users\rolan\AGORA2_mat\Streptococcus_pneumoniae_R6.mat,True,validated_exact,exact,complete,AUTO_PROPOSED_REVIEW_BEFORE_PUBLICATION
Streptomyces coelicolor A3(2),Streptomyces_coelicolor_A3(2),,,False,excluded_from_primary,unmatched,complete,MANUAL_REVIEW_REQUIRED
Thermanaerovibrio acidaminovorans DSM 6589,Thermanaerovibrio_acidaminovorans_DSM_6589,,,False,excluded_from_primary,unmatched,complete,MANUAL_REVIEW_REQUIRED
Thermosynechococcus elongatus BP_1,Thermosynechococcus_elongatus_BP_1,,,False,excluded_from_primary,unmatched,complete,MANUAL_REVIEW_REQUIRED
Thermus thermophilus HB8,Thermus_thermophilus_HB8,,,False,excluded_from_primary,unmatched,complete,MANUAL_REVIEW_REQUIRED
Treponema denticola ATCC 35405,Treponema_denticola_ATCC_35405,,,False,excluded_from_primary,ambiguous,complete,MANUAL_REVIEW_REQUIRED
Vibrio cholerae O1 biovar El Tor str N16961,Vibrio_cholerae_O1_biovar_El_Tor_str_N16961,Vibrio_cholerae_O1_biovar_El_Tor_str_N16961.mat,C:\Users\rolan\AGORA2_mat\Vibrio_cholerae_O1_biovar_El_Tor_str_N16961.mat,True,validated_exact,exact,complete,AUTO_PROPOSED_REVIEW_BEFORE_PUBLICATION
Xanthomonas campestris pv campestris str ATCC 33913,Xanthomonas_campestris_pv_campestris_str_ATCC_33913,,,False,excluded_from_primary,unmatched,complete,MANUAL_REVIEW_REQUIRED
Yersinia pestis CO92,Yersinia_pestis_CO92,,,False,excluded_from_primary,unmatched,complete,MANUAL_REVIEW_REQUIRED
