organism,condition,reaction_id,measured_flux
E. coli,acetate,PGI,-3.42325540770599
E. coli,fructose,PGI,-6.197932334765144
E. coli,galactose,PGI,1.3684855631159154
E. coli,glucose,PGI,5.699970323068908
E. coli,glycerol,PGI,-3.449403274261296
E. coli,gluconate,PGI,-0.0313209425602704
E. coli,pyruvate,PGI,-0.8981728081154179
E. coli,succinate,PGI,-5.590319020596546
E. coli,acetate,FBA,-1.886235167682972
E. coli,fructose,FBA,5.866997754519925
E. coli,galactose,FBA,1.5474503004639957
E. coli,glucose,FBA,7.058477001280537
E. coli,glycerol,FBA,-1.4956986602582492
E. coli,gluconate,FBA,0.4869192265342796
E. coli,pyruvate,FBA,-0.5870116711669722
E. coli,succinate,FBA,-2.691604995726921
E. coli,acetate,TPI,-1.8862351676675368
E. coli,fructose,TPI,5.866997754518669
E. coli,galactose,TPI,1.54745030046383
E. coli,glucose,TPI,7.058477001279999
E. coli,glycerol,TPI,8.640301339740718
E. coli,gluconate,TPI,0.486919226522254
E. coli,pyruvate,TPI,-0.58701167113178
E. coli,succinate,TPI,-2.691604995744147
E. coli,acetate,GAPD,-2.263870367666462
E. coli,fructose,GAPD,13.464632154516496
E. coli,galactose,GAPD,3.3085239004662395
E. coli,glucose,GAPD,15.71039180129149
E. coli,glycerol,GAPD,8.012882939729515
E. coli,gluconate,GAPD,6.89458645850349
E. coli,pyruvate,GAPD,-1.1293058711585884
E. coli,succinate,GAPD,-3.4151459957639814
E. coli,acetate,PGM,-2.7365935676724247
E. coli,fructose,PGM,12.598520154512068
E. coli,galactose,PGM,3.0415275004657847
E. coli,glucose,PGM,14.557704201289363
E. coli,glycerol,PGM,7.258764539727362
E. coli,gluconate,PGM,5.873380426982862
E. coli,pyruvate,PGM,-1.7891416711547217
E. coli,succinate,PGM,-4.273853995767203
E. coli,acetate,PDH,0.0654626571538203
E. coli,fructose,PDH,9.068825630368542
E. coli,galactose,PDH,2.942698350144697
E. coli,glucose,PDH,11.29846426880824
E. coli,glycerol,PDH,4.097735891264716
E. coli,gluconate,PDH,7.505541965231355
E. coli,pyruvate,PDH,21.0173942415587
E. coli,succinate,PDH,7.752081858316552
E. coli,acetate,EDD,0.8215938476775198
E. coli,fructose,EDD,8.328065533902416e-10
E. coli,galactose,EDD,0.1729721308650287
E. coli,glucose,EDD,1.0869910596271797
E. coli,glycerol,EDD,0.0145803532454725
E. coli,gluconate,EDD,5.818960661819838
E. coli,pyruvate,EDD,2.6714245884544852e-09
E. coli,succinate,EDD,0.655464183289113
E. coli,acetate,G6PDH2r,3.4083130077194776
E. coli,fructose,G6PDH2r,6.171282734761359
E. coli,galactose,G6PDH2r,0.591653936883625
E. coli,glucose,G6PDH2r,3.919275276928566
E. coli,glycerol,G6PDH2r,3.426090474256944
E. coli,gluconate,G6PDH2r,0.0
E. coli,pyruvate,G6PDH2r,0.8768016081346633
E. coli,succinate,G6PDH2r,5.5632856205805385
E. coli,acetate,GND,2.586719160041958
E. coli,fructose,GND,6.171282733928552
E. coli,galactose,GND,0.4186818060185962
E. coli,glucose,GND,2.8322842173013867
E. coli,glycerol,GND,3.411510121011471
E. coli,gluconate,GND,1.4649626029673033
E. coli,pyruvate,GND,0.8768016054632387
E. coli,succinate,GND,4.9078214372914255
E. coli,acetate,RPI,1.02932292002225
E. coli,fructose,RPI,2.39854224464884
E. coli,galactose,RPI,0.227903068671968
E. coli,glucose,RPI,1.42743833909665
E. coli,glycerol,RPI,1.42638390700087
E. coli,gluconate,RPI,0.90520407168297
E. coli,pyruvate,RPI,0.538926468476706
E. coli,succinate,RPI,1.97412301242644
E. coli,acetate,RPE,1.5573962400197114
E. coli,fructose,RPE,3.772740489279715
E. coli,galactose,RPE,0.190778737346628
E. coli,glucose,RPE,1.4048458782047375
E. coli,glycerol,RPE,1.9851262140106047
E. coli,gluconate,RPE,0.5597585312843337
E. coli,pyruvate,RPE,0.3378751369865324
E. coli,succinate,RPE,2.933698424864982
E. coli,acetate,TKT1,0.8391469200127232
E. coli,fructose,TKT1,1.9838078446424343
E. coli,galactose,TKT1,0.1322096686736066
E. coli,glucose,TKT1,0.8202017391036417
E. coli,glycerol,TKT1,1.080746307005579
E. coli,gluconate,TKT1,0.3887739173526017
E. coli,pyruvate,TKT1,0.2477438684987684
E. coli,succinate,TKT1,1.5638514124313765
E. coli,acetate,TKT2,0.7182493200069884
E. coli,fructose,TKT2,1.7889326446372806
E. coli,galactose,TKT2,0.0585690686730214
E. coli,glucose,TKT2,0.5846441391010958
E. coli,glycerol,TKT2,0.9043799070050262
E. coli,gluconate,TKT2,0.1709846139317319
E. coli,pyruvate,TKT2,0.0901312684877639
E. coli,succinate,TKT2,1.3698470124336055
E. coli,acetate,PPC,1.7741454869694078
E. coli,fructose,PPC,3.5456688226773463
E. coli,galactose,PPC,0.3773862823805695
E. coli,glucose,PPC,2.453331329249887
E. coli,glycerol,PPC,1.376468598295365
E. coli,gluconate,PPC,1.9433504905565533
E. coli,pyruvate,PPC,2.489448585123298
E. coli,succinate,PPC,2.016110198520149
E. coli,acetate,PPCK,3.114281249166248
E. coli,fructose,PPCK,0.358920308694773
E. coli,galactose,PPCK,0.8489494754750043
E. coli,glucose,PPCK,0.540874025794242
E. coli,glycerol,PPCK,-1.0035180104762341e-07
E. coli,gluconate,PPCK,-7.211080821033826e-08
E. coli,pyruvate,PPCK,1.1648025222064504
E. coli,succinate,PPCK,2.9717886997229046
E. coli,acetate,CS,8.834019072475536
E. coli,fructose,CS,4.568329268816689
E. coli,galactose,CS,1.5209626722625027
E. coli,glucose,CS,2.9779712878442943
E. coli,glycerol,CS,2.4648364262557534
E. coli,gluconate,CS,1.1540337082429524
E. coli,pyruvate,CS,8.081921490407185
E. coli,succinate,CS,3.1554008705398973
E. coli,acetate,ICDHyr,4.696417223651647
E. coli,fructose,ICDHyr,4.566118827256721
E. coli,galactose,ICDHyr,0.4961774140696562
E. coli,glucose,ICDHyr,2.977971286877574
E. coli,glycerol,ICDHyr,2.464836425226839
E. coli,gluconate,ICDHyr,1.1540336354134588
E. coli,pyruvate,ICDHyr,7.979320059225184
E. coli,succinate,ICDHyr,3.038949362757799
E. coli,acetate,AKGDH,4.267162823648706
E. coli,fructose,AKGDH,3.8748948272683545
E. coli,galactose,AKGDH,0.2360725140695101
E. coli,glucose,AKGDH,2.138073286877109
E. coli,glycerol,AKGDH,1.8404588252331304
E. coli,gluconate,AKGDH,0.182358281607563
E. coli,pyruvate,AKGDH,7.415654659249418
E. coli,succinate,AKGDH,2.351982962752786
E. coli,acetate,SUCDi,8.404764672475025
E. coli,fructose,SUCDi,3.877105268816885
E. coli,galactose,SUCDi,1.260857772263266
E. coli,glucose,SUCDi,2.13807328784816
E. coli,glycerol,SUCDi,1.840458826252222
E. coli,gluconate,SUCDi,0.182358354440685
E. coli,pyruvate,SUCDi,7.518256090405909
E. coli,succinate,SUCDi,18.370434470519445
E. coli,acetate,FUM,8.404764672475025
E. coli,fructose,FUM,3.877105268816885
E. coli,galactose,FUM,1.260857772263266
E. coli,glucose,FUM,2.13807328784816
E. coli,glycerol,FUM,1.840458826252222
E. coli,gluconate,FUM,0.182358354440685
E. coli,pyruvate,FUM,7.518256090405909
E. coli,succinate,FUM,17.2304359925238
E. coli,acetate,ICL,4.137601848829727
E. coli,fructose,ICL,0.0022104415511857
E. coli,galactose,ICL,1.024785258192576
E. coli,glucose,ICL,9.654038383555272e-10
E. coli,glycerol,ICL,1.0136062348760075e-09
E. coli,gluconate,ICL,7.284001341875983e-08
E. coli,pyruvate,ICL,0.1026014311623852
E. coli,succinate,ICL,0.1164515077864786
