organism,condition,module_short,module_name,measured_flux,sd,rnx_relationship
E. coli,acetate,PGI,PGI,-3.42325540770599,,PGI
E. coli,acetate,FBA,FBA,-1.886235167682972,,FBA
E. coli,acetate,TPI,TPI,-1.8862351676675368,,TPI
E. coli,acetate,GAPD,GAPD,-2.263870367666462,,GAPD
E. coli,acetate,PGM,PGM,-2.7365935676724247,,PGM
E. coli,acetate,PDH,PDH,0.0654626571538203,,PDH
E. coli,acetate,EDD,EDD,0.8215938476775198,,EDD
E. coli,acetate,G6PDH2r,G6PDH2r,3.4083130077194776,,G6PDH2r
E. coli,acetate,GND,GND,2.586719160041958,,GND
E. coli,acetate,RPI,RPI,1.02932292002225,,RPI
E. coli,acetate,RPE,RPE,1.5573962400197114,,RPE
E. coli,acetate,TKT1,TKT1,0.8391469200127232,,TKT1
E. coli,acetate,TKT2,TKT2,0.7182493200069884,,TKT2
E. coli,acetate,PPC,PPC,1.7741454869694078,,PPC
E. coli,acetate,PPCK,PPCK,3.114281249166248,,PPCK
E. coli,acetate,CS,CS,8.834019072475536,,CS
E. coli,acetate,ICDHyr,ICDHyr,4.696417223651647,,ICDHyr
E. coli,acetate,AKGDH,AKGDH,4.267162823648706,,AKGDH
E. coli,acetate,SUCDi,SUCDi,8.404764672475025,,SUCDi
E. coli,acetate,FUM,FUM,8.404764672475025,,FUM
E. coli,acetate,ICL,ICL,4.137601848829727,,ICL
E. coli,fructose,PGI,PGI,-6.197932334765144,,PGI
E. coli,fructose,FBA,FBA,5.866997754519925,,FBA
E. coli,fructose,TPI,TPI,5.866997754518669,,TPI
E. coli,fructose,GAPD,GAPD,13.464632154516496,,GAPD
E. coli,fructose,PGM,PGM,12.598520154512068,,PGM
E. coli,fructose,PDH,PDH,9.068825630368542,,PDH
E. coli,fructose,EDD,EDD,8.328065533902415e-10,,EDD
E. coli,fructose,G6PDH2r,G6PDH2r,6.171282734761359,,G6PDH2r
E. coli,fructose,GND,GND,6.171282733928552,,GND
E. coli,fructose,RPI,RPI,2.39854224464884,,RPI
E. coli,fructose,RPE,RPE,3.772740489279715,,RPE
E. coli,fructose,TKT1,TKT1,1.9838078446424343,,TKT1
E. coli,fructose,TKT2,TKT2,1.7889326446372806,,TKT2
E. coli,fructose,PPC,PPC,3.5456688226773463,,PPC
E. coli,fructose,PPCK,PPCK,0.358920308694773,,PPCK
E. coli,fructose,CS,CS,4.568329268816689,,CS
E. coli,fructose,ICDHyr,ICDHyr,4.566118827256721,,ICDHyr
E. coli,fructose,AKGDH,AKGDH,3.8748948272683545,,AKGDH
E. coli,fructose,SUCDi,SUCDi,3.877105268816885,,SUCDi
E. coli,fructose,FUM,FUM,3.877105268816885,,FUM
E. coli,fructose,ICL,ICL,0.0022104415511857,,ICL
E. coli,galactose,PGI,PGI,1.3684855631159154,,PGI
E. coli,galactose,FBA,FBA,1.5474503004639957,,FBA
E. coli,galactose,TPI,TPI,1.54745030046383,,TPI
E. coli,galactose,GAPD,GAPD,3.3085239004662395,,GAPD
E. coli,galactose,PGM,PGM,3.0415275004657847,,PGM
E. coli,galactose,PDH,PDH,2.942698350144697,,PDH
E. coli,galactose,EDD,EDD,0.1729721308650287,,EDD
E. coli,galactose,G6PDH2r,G6PDH2r,0.591653936883625,,G6PDH2r
E. coli,galactose,GND,GND,0.4186818060185962,,GND
E. coli,galactose,RPI,RPI,0.227903068671968,,RPI
E. coli,galactose,RPE,RPE,0.190778737346628,,RPE
E. coli,galactose,TKT1,TKT1,0.1322096686736066,,TKT1
E. coli,galactose,TKT2,TKT2,0.0585690686730214,,TKT2
E. coli,galactose,PPC,PPC,0.3773862823805695,,PPC
E. coli,galactose,PPCK,PPCK,0.8489494754750043,,PPCK
E. coli,galactose,CS,CS,1.5209626722625027,,CS
E. coli,galactose,ICDHyr,ICDHyr,0.4961774140696562,,ICDHyr
E. coli,galactose,AKGDH,AKGDH,0.2360725140695101,,AKGDH
E. coli,galactose,SUCDi,SUCDi,1.260857772263266,,SUCDi
E. coli,galactose,FUM,FUM,1.260857772263266,,FUM
E. coli,galactose,ICL,ICL,1.024785258192576,,ICL
E. coli,gluconate,PGI,PGI,-0.0313209425602704,,PGI
E. coli,gluconate,FBA,FBA,0.4869192265342796,,FBA
E. coli,gluconate,TPI,TPI,0.486919226522254,,TPI
E. coli,gluconate,GAPD,GAPD,6.89458645850349,,GAPD
E. coli,gluconate,PGM,PGM,5.873380426982862,,PGM
E. coli,gluconate,PDH,PDH,7.505541965231355,,PDH
E. coli,gluconate,EDD,EDD,5.818960661819838,,EDD
E. coli,gluconate,G6PDH2r,G6PDH2r,0.0,,G6PDH2r
E. coli,gluconate,GND,GND,1.4649626029673033,,GND
E. coli,gluconate,RPI,RPI,0.90520407168297,,RPI
E. coli,gluconate,RPE,RPE,0.5597585312843337,,RPE
E. coli,gluconate,TKT1,TKT1,0.3887739173526017,,TKT1
E. coli,gluconate,TKT2,TKT2,0.1709846139317319,,TKT2
E. coli,gluconate,PPC,PPC,1.9433504905565533,,PPC
E. coli,gluconate,PPCK,PPCK,-7.211080821033826e-08,,PPCK
E. coli,gluconate,CS,CS,1.1540337082429524,,CS
E. coli,gluconate,ICDHyr,ICDHyr,1.1540336354134588,,ICDHyr
E. coli,gluconate,AKGDH,AKGDH,0.182358281607563,,AKGDH
E. coli,gluconate,SUCDi,SUCDi,0.182358354440685,,SUCDi
E. coli,gluconate,FUM,FUM,0.182358354440685,,FUM
E. coli,gluconate,ICL,ICL,7.284001341875983e-08,,ICL
E. coli,glucose,PGI,PGI,5.699970323068908,,PGI
E. coli,glucose,FBA,FBA,7.058477001280537,,FBA
E. coli,glucose,TPI,TPI,7.058477001279999,,TPI
E. coli,glucose,GAPD,GAPD,15.71039180129149,,GAPD
E. coli,glucose,PGM,PGM,14.557704201289363,,PGM
E. coli,glucose,PDH,PDH,11.29846426880824,,PDH
E. coli,glucose,EDD,EDD,1.0869910596271797,,EDD
E. coli,glucose,G6PDH2r,G6PDH2r,3.919275276928566,,G6PDH2r
E. coli,glucose,GND,GND,2.8322842173013867,,GND
E. coli,glucose,RPI,RPI,1.42743833909665,,RPI
E. coli,glucose,RPE,RPE,1.4048458782047375,,RPE
E. coli,glucose,TKT1,TKT1,0.8202017391036417,,TKT1
E. coli,glucose,TKT2,TKT2,0.5846441391010958,,TKT2
E. coli,glucose,PPC,PPC,2.453331329249887,,PPC
E. coli,glucose,PPCK,PPCK,0.540874025794242,,PPCK
E. coli,glucose,CS,CS,2.9779712878442943,,CS
E. coli,glucose,ICDHyr,ICDHyr,2.977971286877574,,ICDHyr
E. coli,glucose,AKGDH,AKGDH,2.138073286877109,,AKGDH
E. coli,glucose,SUCDi,SUCDi,2.13807328784816,,SUCDi
E. coli,glucose,FUM,FUM,2.13807328784816,,FUM
E. coli,glucose,ICL,ICL,9.65403838355527e-10,,ICL
E. coli,glycerol,PGI,PGI,-3.449403274261296,,PGI
E. coli,glycerol,FBA,FBA,-1.4956986602582492,,FBA
E. coli,glycerol,TPI,TPI,8.640301339740718,,TPI
E. coli,glycerol,GAPD,GAPD,8.012882939729515,,GAPD
E. coli,glycerol,PGM,PGM,7.258764539727362,,PGM
E. coli,glycerol,PDH,PDH,4.097735891264716,,PDH
E. coli,glycerol,EDD,EDD,0.0145803532454725,,EDD
E. coli,glycerol,G6PDH2r,G6PDH2r,3.426090474256944,,G6PDH2r
E. coli,glycerol,GND,GND,3.411510121011471,,GND
E. coli,glycerol,RPI,RPI,1.42638390700087,,RPI
E. coli,glycerol,RPE,RPE,1.9851262140106047,,RPE
E. coli,glycerol,TKT1,TKT1,1.080746307005579,,TKT1
E. coli,glycerol,TKT2,TKT2,0.9043799070050262,,TKT2
E. coli,glycerol,PPC,PPC,1.376468598295365,,PPC
E. coli,glycerol,PPCK,PPCK,-1.0035180104762341e-07,,PPCK
E. coli,glycerol,CS,CS,2.4648364262557534,,CS
E. coli,glycerol,ICDHyr,ICDHyr,2.464836425226839,,ICDHyr
E. coli,glycerol,AKGDH,AKGDH,1.8404588252331304,,AKGDH
E. coli,glycerol,SUCDi,SUCDi,1.840458826252222,,SUCDi
E. coli,glycerol,FUM,FUM,1.840458826252222,,FUM
E. coli,glycerol,ICL,ICL,1.0136062348760075e-09,,ICL
E. coli,pyruvate,PGI,PGI,-0.8981728081154179,,PGI
E. coli,pyruvate,FBA,FBA,-0.5870116711669722,,FBA
E. coli,pyruvate,TPI,TPI,-0.58701167113178,,TPI
E. coli,pyruvate,GAPD,GAPD,-1.1293058711585884,,GAPD
E. coli,pyruvate,PGM,PGM,-1.7891416711547217,,PGM
E. coli,pyruvate,PDH,PDH,21.0173942415587,,PDH
E. coli,pyruvate,EDD,EDD,2.6714245884544844e-09,,EDD
E. coli,pyruvate,G6PDH2r,G6PDH2r,0.8768016081346633,,G6PDH2r
E. coli,pyruvate,GND,GND,0.8768016054632387,,GND
E. coli,pyruvate,RPI,RPI,0.538926468476706,,RPI
E. coli,pyruvate,RPE,RPE,0.3378751369865324,,RPE
E. coli,pyruvate,TKT1,TKT1,0.2477438684987684,,TKT1
E. coli,pyruvate,TKT2,TKT2,0.0901312684877639,,TKT2
E. coli,pyruvate,PPC,PPC,2.489448585123298,,PPC
E. coli,pyruvate,PPCK,PPCK,1.1648025222064504,,PPCK
E. coli,pyruvate,CS,CS,8.081921490407185,,CS
E. coli,pyruvate,ICDHyr,ICDHyr,7.979320059225184,,ICDHyr
E. coli,pyruvate,AKGDH,AKGDH,7.415654659249418,,AKGDH
E. coli,pyruvate,SUCDi,SUCDi,7.518256090405909,,SUCDi
E. coli,pyruvate,FUM,FUM,7.518256090405909,,FUM
E. coli,pyruvate,ICL,ICL,0.1026014311623852,,ICL
E. coli,succinate,PGI,PGI,-5.590319020596546,,PGI
E. coli,succinate,FBA,FBA,-2.691604995726921,,FBA
E. coli,succinate,TPI,TPI,-2.691604995744147,,TPI
E. coli,succinate,GAPD,GAPD,-3.4151459957639814,,GAPD
E. coli,succinate,PGM,PGM,-4.273853995767203,,PGM
E. coli,succinate,PDH,PDH,7.752081858316552,,PDH
E. coli,succinate,EDD,EDD,0.655464183289113,,EDD
E. coli,succinate,G6PDH2r,G6PDH2r,5.5632856205805385,,G6PDH2r
E. coli,succinate,GND,GND,4.9078214372914255,,GND
E. coli,succinate,RPI,RPI,1.97412301242644,,RPI
E. coli,succinate,RPE,RPE,2.933698424864982,,RPE
E. coli,succinate,TKT1,TKT1,1.5638514124313765,,TKT1
E. coli,succinate,TKT2,TKT2,1.3698470124336055,,TKT2
E. coli,succinate,PPC,PPC,2.016110198520149,,PPC
E. coli,succinate,PPCK,PPCK,2.9717886997229046,,PPCK
E. coli,succinate,CS,CS,3.1554008705398973,,CS
E. coli,succinate,ICDHyr,ICDHyr,3.038949362757799,,ICDHyr
E. coli,succinate,AKGDH,AKGDH,2.351982962752786,,AKGDH
E. coli,succinate,SUCDi,SUCDi,18.370434470519445,,SUCDi
E. coli,succinate,FUM,FUM,17.2304359925238,,FUM
E. coli,succinate,ICL,ICL,0.1164515077864786,,ICL
