organism,condition,exchange_id,lower_bound,upper_bound,note
E. coli,acetate,EX_ac_LPAREN_e_RPAREN_,-1000.0,1000.0,OPEN (active carbon source)
E. coli,acetate,EX_fru_LPAREN_e_RPAREN_,0.0,1000.0,closed
E. coli,acetate,EX_gal_LPAREN_e_RPAREN_,0.0,1000.0,closed
E. coli,acetate,EX_glcn_LPAREN_e_RPAREN_,0.0,1000.0,closed
E. coli,acetate,EX_glc_LPAREN_e_RPAREN_,0.0,1000.0,closed
E. coli,acetate,EX_glyc_LPAREN_e_RPAREN_,0.0,1000.0,closed
E. coli,acetate,EX_pyr_LPAREN_e_RPAREN_,0.0,1000.0,closed
E. coli,acetate,EX_succ_LPAREN_e_RPAREN_,0.0,1000.0,closed
E. coli,fructose,EX_ac_LPAREN_e_RPAREN_,0.0,1000.0,closed
E. coli,fructose,EX_fru_LPAREN_e_RPAREN_,-1000.0,1000.0,OPEN (active carbon source)
E. coli,fructose,EX_gal_LPAREN_e_RPAREN_,0.0,1000.0,closed
E. coli,fructose,EX_glcn_LPAREN_e_RPAREN_,0.0,1000.0,closed
E. coli,fructose,EX_glc_LPAREN_e_RPAREN_,0.0,1000.0,closed
E. coli,fructose,EX_glyc_LPAREN_e_RPAREN_,0.0,1000.0,closed
E. coli,fructose,EX_pyr_LPAREN_e_RPAREN_,0.0,1000.0,closed
E. coli,fructose,EX_succ_LPAREN_e_RPAREN_,0.0,1000.0,closed
E. coli,galactose,EX_ac_LPAREN_e_RPAREN_,0.0,1000.0,closed
E. coli,galactose,EX_fru_LPAREN_e_RPAREN_,0.0,1000.0,closed
E. coli,galactose,EX_gal_LPAREN_e_RPAREN_,-1000.0,1000.0,OPEN (active carbon source)
E. coli,galactose,EX_glcn_LPAREN_e_RPAREN_,0.0,1000.0,closed
E. coli,galactose,EX_glc_LPAREN_e_RPAREN_,0.0,1000.0,closed
E. coli,galactose,EX_glyc_LPAREN_e_RPAREN_,0.0,1000.0,closed
E. coli,galactose,EX_pyr_LPAREN_e_RPAREN_,0.0,1000.0,closed
E. coli,galactose,EX_succ_LPAREN_e_RPAREN_,0.0,1000.0,closed
E. coli,gluconate,EX_ac_LPAREN_e_RPAREN_,0.0,1000.0,closed
E. coli,gluconate,EX_fru_LPAREN_e_RPAREN_,0.0,1000.0,closed
E. coli,gluconate,EX_gal_LPAREN_e_RPAREN_,0.0,1000.0,closed
E. coli,gluconate,EX_glcn_LPAREN_e_RPAREN_,-1000.0,1000.0,OPEN (active carbon source)
E. coli,gluconate,EX_glc_LPAREN_e_RPAREN_,0.0,1000.0,closed
E. coli,gluconate,EX_glyc_LPAREN_e_RPAREN_,0.0,1000.0,closed
E. coli,gluconate,EX_pyr_LPAREN_e_RPAREN_,0.0,1000.0,closed
E. coli,gluconate,EX_succ_LPAREN_e_RPAREN_,0.0,1000.0,closed
E. coli,glucose,EX_ac_LPAREN_e_RPAREN_,0.0,1000.0,closed
E. coli,glucose,EX_fru_LPAREN_e_RPAREN_,0.0,1000.0,closed
E. coli,glucose,EX_gal_LPAREN_e_RPAREN_,0.0,1000.0,closed
E. coli,glucose,EX_glcn_LPAREN_e_RPAREN_,0.0,1000.0,closed
E. coli,glucose,EX_glc_LPAREN_e_RPAREN_,-1000.0,1000.0,OPEN (active carbon source)
E. coli,glucose,EX_glyc_LPAREN_e_RPAREN_,0.0,1000.0,closed
E. coli,glucose,EX_pyr_LPAREN_e_RPAREN_,0.0,1000.0,closed
E. coli,glucose,EX_succ_LPAREN_e_RPAREN_,0.0,1000.0,closed
E. coli,glycerol,EX_ac_LPAREN_e_RPAREN_,0.0,1000.0,closed
E. coli,glycerol,EX_fru_LPAREN_e_RPAREN_,0.0,1000.0,closed
E. coli,glycerol,EX_gal_LPAREN_e_RPAREN_,0.0,1000.0,closed
E. coli,glycerol,EX_glcn_LPAREN_e_RPAREN_,0.0,1000.0,closed
E. coli,glycerol,EX_glc_LPAREN_e_RPAREN_,0.0,1000.0,closed
E. coli,glycerol,EX_glyc_LPAREN_e_RPAREN_,-1000.0,1000.0,OPEN (active carbon source)
E. coli,glycerol,EX_pyr_LPAREN_e_RPAREN_,0.0,1000.0,closed
E. coli,glycerol,EX_succ_LPAREN_e_RPAREN_,0.0,1000.0,closed
E. coli,pyruvate,EX_ac_LPAREN_e_RPAREN_,0.0,1000.0,closed
E. coli,pyruvate,EX_fru_LPAREN_e_RPAREN_,0.0,1000.0,closed
E. coli,pyruvate,EX_gal_LPAREN_e_RPAREN_,0.0,1000.0,closed
E. coli,pyruvate,EX_glcn_LPAREN_e_RPAREN_,0.0,1000.0,closed
E. coli,pyruvate,EX_glc_LPAREN_e_RPAREN_,0.0,1000.0,closed
E. coli,pyruvate,EX_glyc_LPAREN_e_RPAREN_,0.0,1000.0,closed
E. coli,pyruvate,EX_pyr_LPAREN_e_RPAREN_,-1000.0,1000.0,OPEN (active carbon source)
E. coli,pyruvate,EX_succ_LPAREN_e_RPAREN_,0.0,1000.0,closed
E. coli,succinate,EX_ac_LPAREN_e_RPAREN_,0.0,1000.0,closed
E. coli,succinate,EX_fru_LPAREN_e_RPAREN_,0.0,1000.0,closed
E. coli,succinate,EX_gal_LPAREN_e_RPAREN_,0.0,1000.0,closed
E. coli,succinate,EX_glcn_LPAREN_e_RPAREN_,0.0,1000.0,closed
E. coli,succinate,EX_glc_LPAREN_e_RPAREN_,0.0,1000.0,closed
E. coli,succinate,EX_glyc_LPAREN_e_RPAREN_,0.0,1000.0,closed
E. coli,succinate,EX_pyr_LPAREN_e_RPAREN_,0.0,1000.0,closed
E. coli,succinate,EX_succ_LPAREN_e_RPAREN_,-1000.0,1000.0,OPEN (active carbon source)
